timestamp,open,high,low,close,volume
2026-08-17 23:00:00,0.07017,0.07023,0.07016,0.0702,10387651.0
2026-08-17 23:15:00,0.07019,0.07036,0.07019,0.07036,9916077.0
2026-08-17 23:30:00,0.07037,0.07045,0.07034,0.07035,15116481.0
2026-08-17 23:45:00,0.07035,0.07045,0.07035,0.07037,18157355.0
2026-08-18 00:00:00,0.07037,0.07039,0.07028,0.07036,28396879.0
2026-08-18 00:15:00,0.07036,0.0704,0.07027,0.07028,24087796.0
2026-08-18 00:30:00,0.07028,0.0703,0.07017,0.07026,35342159.0
2026-08-18 00:45:00,0.07025,0.07034,0.07023,0.07033,25107751.0
2026-08-18 01:00:00,0.07032,0.07035,0.07017,0.07029,37520567.0
2026-08-18 01:15:00,0.07029,0.0703,0.07016,0.07018,12671871.0
2026-08-18 01:30:00,0.07018,0.07023,0.07014,0.07015,21538401.0
2026-08-18 01:45:00,0.07014,0.07015,0.06991,0.06998,56361652.0
2026-08-18 02:00:00,0.06998,0.07007,0.06992,0.06993,34404902.0
2026-08-18 02:15:00,0.06992,0.06998,0.06987,0.0699,35445140.0
2026-08-18 02:30:00,0.06989,0.06993,0.06975,0.06977,33158756.0
2026-08-18 02:45:00,0.06977,0.06981,0.06955,0.06968,85669045.0
2026-08-18 03:00:00,0.06967,0.06979,0.06964,0.06972,60899244.0
2026-08-18 03:15:00,0.06972,0.06987,0.06972,0.06978,36677271.0
2026-08-18 03:30:00,0.06978,0.06985,0.06965,0.06984,54407649.0
2026-08-18 03:45:00,0.06984,0.06985,0.06979,0.06981,21995965.0
2026-08-18 04:00:00,0.06981,0.06984,0.06969,0.06983,32201503.0
2026-08-18 04:15:00,0.06982,0.06989,0.0698,0.06988,18559110.0
2026-08-18 04:30:00,0.06988,0.06997,0.06988,0.06993,16273034.0
2026-08-18 04:45:00,0.06993,0.06996,0.06987,0.06991,8864538.0
2026-08-18 05:00:00,0.0699,0.06997,0.06981,0.06994,38633638.0
2026-08-18 05:15:00,0.06994,0.06996,0.06979,0.0698,24370958.0
2026-08-18 05:30:00,0.0698,0.06988,0.06957,0.06985,64018928.0
2026-08-18 05:45:00,0.06985,0.06986,0.06974,0.06976,15391669.0
2026-08-18 06:00:00,0.06976,0.06988,0.0697,0.06985,23725279.0
2026-08-18 06:15:00,0.06985,0.07003,0.06985,0.07001,29218192.0
2026-08-18 06:30:00,0.07001,0.07007,0.06998,0.07003,23925612.0
2026-08-18 06:45:00,0.07003,0.07003,0.06987,0.06992,12440316.0
2026-08-18 07:00:00,0.06991,0.06998,0.06989,0.06993,13686179.0
2026-08-18 07:15:00,0.06992,0.06999,0.06979,0.0698,24904449.0
2026-08-18 07:30:00,0.06979,0.06994,0.06977,0.06985,48415188.0
2026-08-18 07:45:00,0.06984,0.06987,0.06973,0.06984,37921240.0
2026-08-18 08:00:00,0.06983,0.06985,0.06963,0.06974,56885034.0
2026-08-18 08:15:00,0.06974,0.0698,0.06972,0.06973,15605807.0
2026-08-18 08:30:00,0.06974,0.06991,0.06973,0.06986,16901865.0
2026-08-18 08:45:00,0.06985,0.06987,0.06982,0.06984,14423312.0
2026-08-18 09:00:00,0.06984,0.06989,0.0698,0.06988,13064040.0
2026-08-18 09:15:00,0.06987,0.0699,0.06982,0.06988,16715033.0
2026-08-18 09:30:00,0.06988,0.0699,0.0698,0.06983,15715022.0
2026-08-18 09:45:00,0.06983,0.06987,0.06981,0.06986,21068897.0
2026-08-18 10:00:00,0.06985,0.06991,0.06984,0.06985,10212606.0
2026-08-18 10:15:00,0.06985,0.06988,0.06983,0.06986,7638929.0
2026-08-18 10:30:00,0.06986,0.06991,0.06985,0.0699,7510529.0
2026-08-18 10:45:00,0.0699,0.06991,0.06988,0.06989,6214244.0
2026-08-18 11:00:00,0.06988,0.06997,0.06987,0.06995,21398650.0
2026-08-18 11:15:00,0.06995,0.07,0.06993,0.06997,24000117.0
2026-08-18 11:30:00,0.06997,0.06998,0.06992,0.06994,12368430.0
2026-08-18 11:45:00,0.06994,0.06996,0.0699,0.06994,11581436.0
2026-08-18 12:00:00,0.06994,0.06996,0.06986,0.06988,18208509.0
2026-08-18 12:15:00,0.06988,0.06991,0.06983,0.06988,15945954.0
2026-08-18 12:30:00,0.06988,0.06989,0.06984,0.06985,9960848.0
2026-08-18 12:45:00,0.06984,0.06985,0.06979,0.06981,13580116.0
2026-08-18 13:00:00,0.0698,0.06981,0.06974,0.06976,12688138.0
2026-08-18 13:15:00,0.06976,0.06977,0.06973,0.06974,13750008.0
2026-08-18 13:30:00,0.06973,0.06988,0.06973,0.0698,27012684.0
2026-08-18 13:45:00,0.0698,0.06982,0.0697,0.06977,18335159.0
2026-08-18 14:00:00,0.06978,0.0699,0.06972,0.06976,32258901.0
2026-08-18 14:15:00,0.06976,0.07035,0.06976,0.07031,116835849.0
2026-08-18 14:30:00,0.07032,0.07034,0.07009,0.0701,72301091.0
2026-08-18 14:45:00,0.0701,0.07016,0.07001,0.07004,27010576.0
2026-08-18 15:00:00,0.07003,0.07016,0.06998,0.07015,33076714.0
2026-08-18 15:15:00,0.07015,0.07028,0.07013,0.07026,34855959.0
2026-08-18 15:30:00,0.07027,0.07032,0.07017,0.07017,25551766.0
2026-08-18 15:45:00,0.07017,0.0703,0.07017,0.0703,27655138.0
2026-08-18 16:00:00,0.0703,0.07034,0.07022,0.07025,29066410.0
2026-08-18 16:15:00,0.07025,0.07026,0.07018,0.0702,18716295.0
2026-08-18 16:30:00,0.07021,0.07046,0.07019,0.07038,51328635.0
2026-08-18 16:45:00,0.07038,0.07045,0.07035,0.07037,18948134.0
2026-08-18 17:00:00,0.07037,0.07039,0.07028,0.07035,26452986.0
2026-08-18 17:15:00,0.07035,0.07036,0.0703,0.07032,9594171.0
2026-08-18 17:30:00,0.07032,0.07034,0.07023,0.07027,27494311.0
2026-08-18 17:45:00,0.07027,0.07027,0.07023,0.07024,6046168.0
2026-08-18 18:00:00,0.07024,0.07034,0.07023,0.07034,13146766.0
2026-08-18 18:15:00,0.07034,0.07042,0.07031,0.07042,29261573.0
2026-08-18 18:30:00,0.07042,0.07051,0.07039,0.07043,43689485.0
2026-08-18 18:45:00,0.07042,0.07047,0.07038,0.07043,15763274.0
2026-08-18 19:00:00,0.07043,0.07051,0.07036,0.07037,15779553.0
2026-08-18 19:15:00,0.07036,0.07051,0.07033,0.0705,18366603.0
2026-08-18 19:30:00,0.0705,0.07051,0.07037,0.0704,16920099.0
2026-08-18 19:45:00,0.0704,0.0704,0.07033,0.07034,10467596.0
2026-08-18 20:00:00,0.07033,0.07038,0.07028,0.07037,13120169.0
2026-08-18 20:15:00,0.07036,0.07037,0.0702,0.07026,26390767.0
2026-08-18 20:30:00,0.07026,0.07039,0.07022,0.07022,30500043.0
2026-08-18 20:45:00,0.07022,0.07026,0.07007,0.0702,51250664.0
2026-08-18 21:00:00,0.0702,0.07026,0.07017,0.0702,11843333.0
2026-08-18 21:15:00,0.0702,0.07022,0.07017,0.07017,4500069.0
2026-08-18 21:30:00,0.07018,0.07018,0.0701,0.07013,18131561.0
2026-08-18 21:45:00,0.07013,0.07017,0.07008,0.07012,7103989.0
2026-08-18 22:00:00,0.07011,0.07022,0.07006,0.07015,26912720.0
2026-08-18 22:15:00,0.07014,0.07015,0.07001,0.0701,32343796.0
2026-08-18 22:30:00,0.07009,0.07018,0.07004,0.07005,25773193.0
2026-08-18 22:45:00,0.07004,0.07008,0.06991,0.07002,46108640.0
2026-08-18 23:00:00,0.07003,0.07018,0.07002,0.07014,22159078.0
2026-08-18 23:15:00,0.07014,0.07027,0.07013,0.07022,15284477.0
2026-08-18 23:30:00,0.07022,0.07028,0.07021,0.07026,21642034.0
2026-08-18 23:45:00,0.07025,0.07027,0.07021,0.07023,8429935.0
2026-08-19 00:00:00,0.07024,0.07026,0.0701,0.07011,25730295.0
2026-08-19 00:15:00,0.0701,0.07011,0.07,0.07001,16811936.0
2026-08-19 00:30:00,0.07,0.07007,0.06998,0.07001,19289827.0
2026-08-19 00:45:00,0.07,0.07003,0.06994,0.06995,19453061.0
2026-08-19 01:00:00,0.06994,0.07009,0.06992,0.07005,34144087.0
2026-08-19 01:15:00,0.07005,0.07005,0.06988,0.06997,30339339.0
2026-08-19 01:30:00,0.06996,0.06998,0.06986,0.06989,15665836.0
2026-08-19 01:45:00,0.06989,0.06999,0.06988,0.06995,18372265.0
2026-08-19 02:00:00,0.06994,0.06995,0.06984,0.06988,17003157.0
2026-08-19 02:15:00,0.06988,0.06995,0.06982,0.06994,21563688.0
2026-08-19 02:30:00,0.06993,0.06995,0.0699,0.06994,8234913.0
2026-08-19 02:45:00,0.06993,0.06998,0.06986,0.06992,19007520.0
2026-08-19 03:00:00,0.06992,0.07001,0.06987,0.07001,21731436.0
2026-08-19 03:15:00,0.07001,0.07011,0.07,0.07005,23082848.0
2026-08-19 03:30:00,0.07005,0.07007,0.07001,0.07005,7083894.0
2026-08-19 03:45:00,0.07006,0.0701,0.07002,0.07007,13378545.0
2026-08-19 04:00:00,0.07006,0.07007,0.07,0.07001,9177027.0
2026-08-19 04:15:00,0.07001,0.07007,0.07,0.07002,7066302.0
2026-08-19 04:30:00,0.07002,0.07002,0.06994,0.06997,9812984.0
2026-08-19 04:45:00,0.06996,0.06998,0.06989,0.06991,30555963.0
2026-08-19 05:00:00,0.06992,0.07009,0.06991,0.07001,24304545.0
2026-08-19 05:15:00,0.07002,0.07003,0.06993,0.07001,22000825.0
2026-08-19 05:30:00,0.07,0.07003,0.06996,0.06996,5511914.0
2026-08-19 05:45:00,0.06996,0.06997,0.0699,0.06991,11694453.0
2026-08-19 06:00:00,0.0699,0.06992,0.06984,0.06985,27560776.0
2026-08-19 06:15:00,0.06985,0.07,0.06985,0.06994,27995368.0
2026-08-19 06:30:00,0.06995,0.07007,0.06987,0.07006,46782762.0
2026-08-19 06:45:00,0.07007,0.07021,0.07001,0.07007,68657227.0
2026-08-19 07:00:00,0.07007,0.0701,0.07001,0.07007,25171415.0
2026-08-19 07:15:00,0.07007,0.07008,0.07001,0.07002,8913245.0
2026-08-19 07:30:00,0.07002,0.07007,0.06999,0.06999,12579042.0
2026-08-19 07:45:00,0.06999,0.07006,0.06989,0.0699,41032374.0
2026-08-19 08:00:00,0.0699,0.06999,0.06985,0.06991,47539800.0
2026-08-19 08:15:00,0.06991,0.07008,0.0699,0.07005,24266554.0
2026-08-19 08:30:00,0.07005,0.07025,0.07003,0.07018,60862924.0
2026-08-19 08:45:00,0.07019,0.07028,0.0701,0.0701,106700126.0
2026-08-19 09:00:00,0.0701,0.0702,0.07008,0.07008,22170474.0
2026-08-19 09:15:00,0.07008,0.07013,0.07007,0.07007,8065245.0
2026-08-19 09:30:00,0.07007,0.07007,0.06999,0.06999,21962832.0
2026-08-19 09:45:00,0.07,0.07003,0.06998,0.07001,13350474.0
2026-08-19 10:00:00,0.07002,0.07002,0.06997,0.06999,12927372.0
2026-08-19 10:15:00,0.06998,0.07,0.06996,0.06998,9654543.0
2026-08-19 10:30:00,0.06998,0.07001,0.06997,0.07,10750651.0
2026-08-19 10:45:00,0.07001,0.07004,0.07,0.07003,8361439.0
2026-08-19 11:00:00,0.07003,0.07019,0.07003,0.07015,25244967.0
2026-08-19 11:15:00,0.07016,0.07018,0.07013,0.07015,11211224.0
2026-08-19 11:30:00,0.07016,0.0702,0.07015,0.07015,9858308.0
2026-08-19 11:45:00,0.07015,0.07022,0.07015,0.0702,11973247.0
2026-08-19 12:00:00,0.07021,0.07028,0.07018,0.07019,26010965.0
2026-08-19 12:15:00,0.0702,0.07025,0.07016,0.07023,10133786.0
2026-08-19 12:30:00,0.07024,0.0705,0.07021,0.07045,90923819.0
2026-08-19 12:45:00,0.07046,0.07078,0.07044,0.07061,116267613.0
2026-08-19 13:00:00,0.07061,0.0707,0.0705,0.07062,73505758.0
2026-08-19 13:15:00,0.07063,0.07067,0.07055,0.07057,35924527.0
2026-08-19 13:30:00,0.07058,0.07067,0.07039,0.07051,96431751.0
2026-08-19 13:45:00,0.07052,0.0706,0.07044,0.07051,44823704.0
2026-08-19 14:00:00,0.07051,0.07061,0.07008,0.07054,151214336.0
2026-08-19 14:15:00,0.07055,0.07063,0.0705,0.07057,63540969.0
2026-08-19 14:30:00,0.07058,0.07072,0.07054,0.0707,32920717.0
2026-08-19 14:45:00,0.0707,0.07141,0.07068,0.07125,197501623.0
2026-08-19 15:00:00,0.07126,0.0722,0.07119,0.07187,406739463.0
2026-08-19 15:15:00,0.07186,0.0747,0.07167,0.07368,642701402.0
2026-08-19 15:30:00,0.07368,0.07376,0.07299,0.07306,390002094.0
2026-08-19 15:45:00,0.07307,0.07307,0.07231,0.07248,251161328.0
2026-08-19 16:00:00,0.07248,0.07299,0.07241,0.07267,156438744.0
2026-08-19 16:15:00,0.07267,0.07322,0.07266,0.07317,109740768.0
2026-08-19 16:30:00,0.07317,0.07319,0.07277,0.07281,69890752.0
2026-08-19 16:45:00,0.0728,0.07291,0.07265,0.07269,56272348.0
2026-08-19 17:00:00,0.07269,0.07275,0.07232,0.07235,95614850.0
2026-08-19 17:15:00,0.07236,0.07242,0.07201,0.07211,88472449.0
2026-08-19 17:30:00,0.07211,0.07228,0.07189,0.07225,60202864.0
2026-08-19 17:45:00,0.07224,0.07237,0.07215,0.07228,73333742.0
2026-08-19 18:00:00,0.07228,0.07239,0.07214,0.07237,49481631.0
2026-08-19 18:15:00,0.07237,0.07262,0.07237,0.07259,45479464.0
2026-08-19 18:30:00,0.07259,0.07281,0.07255,0.07275,53284608.0
2026-08-19 18:45:00,0.07276,0.07283,0.07266,0.07272,42592654.0
2026-08-19 19:00:00,0.07271,0.07284,0.07243,0.0725,46597743.0
2026-08-19 19:15:00,0.07251,0.07287,0.07249,0.0727,41741245.0
2026-08-19 19:30:00,0.0727,0.07296,0.07263,0.07295,27305103.0
2026-08-19 19:45:00,0.07294,0.0731,0.07286,0.07307,38880367.0
2026-08-19 20:00:00,0.07308,0.07319,0.07303,0.07305,46675832.0
2026-08-19 20:15:00,0.07305,0.07331,0.07288,0.07323,52167362.0
2026-08-19 20:30:00,0.07324,0.07343,0.07317,0.07339,35722817.0
2026-08-19 20:45:00,0.0734,0.07457,0.07327,0.07416,331124751.0
2026-08-19 21:00:00,0.07415,0.0758,0.0741,0.0757,419367439.0
2026-08-19 21:15:00,0.0757,0.07625,0.07527,0.07606,191940608.0
2026-08-19 21:30:00,0.07607,0.07636,0.07539,0.07593,183982322.0
2026-08-19 21:45:00,0.07593,0.07639,0.07572,0.07605,127949727.0
2026-08-19 22:00:00,0.07604,0.07621,0.07499,0.07509,170834484.0
2026-08-19 22:15:00,0.07508,0.07549,0.07487,0.07487,124656964.0
2026-08-19 22:30:00,0.07486,0.07544,0.07443,0.07501,302158750.0
2026-08-19 22:45:00,0.075,0.07501,0.07434,0.0748,244006783.0
2026-08-19 23:00:00,0.0748,0.07496,0.07461,0.07463,69864439.0
2026-08-19 23:15:00,0.07462,0.07494,0.07455,0.07485,79885742.0
2026-08-19 23:30:00,0.07484,0.07528,0.07462,0.07516,87097332.0
2026-08-19 23:45:00,0.07515,0.07516,0.07473,0.07503,59243042.0
2026-08-20 00:00:00,0.07503,0.07524,0.07491,0.07503,84733176.0
2026-08-20 00:15:00,0.07503,0.07542,0.07499,0.07537,72883099.0
2026-08-20 00:30:00,0.07536,0.07563,0.07521,0.07546,102976541.0
2026-08-20 00:45:00,0.07545,0.07569,0.07513,0.0753,126475566.0
2026-08-20 01:00:00,0.0753,0.07547,0.07484,0.0749,74644290.0
2026-08-20 01:15:00,0.07489,0.07509,0.07467,0.075,62058149.0
2026-08-20 01:30:00,0.07499,0.07534,0.07498,0.07533,32485223.0
2026-08-20 01:45:00,0.07533,0.07557,0.07533,0.07546,42691378.0
2026-08-20 02:00:00,0.07545,0.07609,0.07545,0.07583,126041493.0
2026-08-20 02:15:00,0.07583,0.07591,0.07555,0.07565,60458967.0
2026-08-20 02:30:00,0.07564,0.0758,0.07558,0.0756,33425111.0
2026-08-20 02:45:00,0.0756,0.07564,0.07531,0.07545,56799552.0
2026-08-20 03:00:00,0.07544,0.07545,0.07473,0.07487,79156135.0
2026-08-20 03:15:00,0.07486,0.07517,0.07475,0.0748,35075728.0
2026-08-20 03:30:00,0.0748,0.07491,0.07474,0.07483,48716008.0
2026-08-20 03:45:00,0.07482,0.075,0.07476,0.07477,31025166.0
2026-08-20 04:00:00,0.07477,0.0749,0.07465,0.07484,59355621.0
2026-08-20 04:15:00,0.07483,0.07483,0.07462,0.07463,30243103.0
2026-08-20 04:30:00,0.07463,0.07473,0.0744,0.07466,52503046.0
2026-08-20 04:45:00,0.07466,0.07492,0.07466,0.07481,42651081.0
2026-08-20 05:00:00,0.07481,0.07487,0.07465,0.07465,37783890.0
2026-08-20 05:15:00,0.07466,0.07484,0.07463,0.07463,37378840.0
2026-08-20 05:30:00,0.07463,0.07472,0.07455,0.07466,31489754.0
2026-08-20 05:45:00,0.07466,0.07474,0.07457,0.07467,23131306.0
2026-08-20 06:00:00,0.07467,0.07476,0.07449,0.07463,46140115.0
2026-08-20 06:15:00,0.07463,0.07501,0.07444,0.07493,54017749.0
2026-08-20 06:30:00,0.07493,0.07526,0.07483,0.07525,71806158.0
2026-08-20 06:45:00,0.07525,0.07538,0.07514,0.07528,51192034.0
2026-08-20 07:00:00,0.07527,0.07542,0.07516,0.07528,39147515.0
2026-08-20 07:15:00,0.07528,0.07529,0.07503,0.07519,36488478.0
2026-08-20 07:30:00,0.0752,0.07522,0.07498,0.07513,32211496.0
2026-08-20 07:45:00,0.07512,0.07534,0.07506,0.07531,24319864.0
2026-08-20 08:00:00,0.0753,0.07649,0.07525,0.07645,195919097.0
2026-08-20 08:15:00,0.07645,0.07676,0.07624,0.07657,206323396.0
2026-08-20 08:30:00,0.07657,0.07722,0.0765,0.07705,172520769.0
2026-08-20 08:45:00,0.07705,0.0771,0.07677,0.07683,200915359.0
2026-08-20 09:00:00,0.07683,0.07698,0.07659,0.07696,126912172.0
2026-08-20 09:15:00,0.07696,0.07734,0.07678,0.07679,146488712.0
2026-08-20 09:30:00,0.07679,0.07685,0.07651,0.07672,121870044.0
2026-08-20 09:45:00,0.07672,0.07677,0.07636,0.07666,94589675.0
2026-08-20 10:00:00,0.07665,0.07708,0.07649,0.07704,84836866.0
2026-08-20 10:15:00,0.07704,0.07783,0.07704,0.07729,150439740.0
2026-08-20 10:30:00,0.0773,0.07735,0.07709,0.07712,49288912.0
2026-08-20 10:45:00,0.07711,0.07726,0.07704,0.07716,30121101.0
2026-08-20 11:00:00,0.07716,0.07736,0.07703,0.07713,70692305.0
2026-08-20 11:15:00,0.07714,0.0772,0.07692,0.07692,44539010.0
2026-08-20 11:30:00,0.07692,0.07792,0.07687,0.07753,142705552.0
2026-08-20 11:45:00,0.07753,0.07762,0.07697,0.07713,124309837.0
2026-08-20 12:00:00,0.07714,0.07732,0.07664,0.0768,105234762.0
2026-08-20 12:15:00,0.0768,0.07696,0.07674,0.07683,42473508.0
2026-08-20 12:30:00,0.07684,0.07709,0.07656,0.07694,60942047.0
2026-08-20 12:45:00,0.07695,0.07753,0.07677,0.07741,90399048.0
2026-08-20 13:00:00,0.07741,0.07745,0.07718,0.07729,39377294.0
2026-08-20 13:15:00,0.07729,0.07789,0.07716,0.07776,101634011.0
2026-08-20 13:30:00,0.07777,0.07777,0.07682,0.07739,146535770.0
2026-08-20 13:45:00,0.07738,0.07766,0.0772,0.07745,73721685.0
2026-08-20 14:00:00,0.07745,0.07821,0.07736,0.078,139009263.0
2026-08-20 14:15:00,0.07801,0.0781,0.07752,0.07765,105236138.0
2026-08-20 14:30:00,0.07765,0.07813,0.07761,0.07798,116380100.0
2026-08-20 14:45:00,0.07799,0.07856,0.07781,0.07844,183406903.0
2026-08-20 15:00:00,0.07843,0.07986,0.07832,0.07967,280966273.0
2026-08-20 15:15:00,0.07968,0.07973,0.07886,0.07947,206662810.0
2026-08-20 15:30:00,0.07947,0.07963,0.07895,0.07927,141218810.0
2026-08-20 15:45:00,0.07927,0.08066,0.07909,0.08021,276145793.0
2026-08-20 16:00:00,0.08022,0.08028,0.07967,0.07985,164814333.0
2026-08-20 16:15:00,0.07985,0.08057,0.07973,0.08052,115231251.0
2026-08-20 16:30:00,0.08053,0.08169,0.08027,0.08157,200142870.0
2026-08-20 16:45:00,0.08158,0.08325,0.08154,0.08319,308311354.0
2026-08-20 17:00:00,0.08319,0.08347,0.08247,0.08284,254802428.0
2026-08-20 17:15:00,0.08285,0.08325,0.08246,0.0828,143629848.0
2026-08-20 17:30:00,0.08281,0.0832,0.08264,0.08277,108427446.0
2026-08-20 17:45:00,0.08277,0.08355,0.08266,0.08278,109565899.0
2026-08-20 18:00:00,0.08277,0.08316,0.08126,0.0815,321314704.0
2026-08-20 18:15:00,0.0815,0.08178,0.08069,0.08075,183569533.0
2026-08-20 18:30:00,0.08074,0.08089,0.08018,0.08052,214628007.0
2026-08-20 18:45:00,0.08053,0.08065,0.07964,0.07964,172842508.0
2026-08-20 19:00:00,0.07963,0.08038,0.07952,0.07994,167547418.0
2026-08-20 19:15:00,0.07995,0.08028,0.07993,0.08005,84749490.0
2026-08-20 19:30:00,0.08004,0.0801,0.0797,0.07994,68004564.0
2026-08-20 19:45:00,0.07993,0.07999,0.07939,0.07968,107328082.0
2026-08-20 20:00:00,0.07968,0.07991,0.0796,0.07977,52558312.0
2026-08-20 20:15:00,0.07977,0.08005,0.07965,0.07993,41155212.0
2026-08-20 20:30:00,0.07993,0.08014,0.07981,0.08002,60784018.0
2026-08-20 20:45:00,0.08001,0.08009,0.07984,0.08007,24388751.0
2026-08-20 21:00:00,0.08007,0.08033,0.08006,0.08022,52129434.0
2026-08-20 21:15:00,0.08021,0.08039,0.08014,0.08029,38806680.0
2026-08-20 21:30:00,0.0803,0.0806,0.08018,0.0803,52416545.0
2026-08-20 21:45:00,0.08029,0.08041,0.08004,0.08018,36407195.0
2026-08-20 22:00:00,0.08018,0.08029,0.07948,0.07953,120088731.0
2026-08-20 22:15:00,0.07952,0.0797,0.07907,0.07953,155137909.0
2026-08-20 22:30:00,0.07953,0.07955,0.07922,0.07923,61015668.0
2026-08-20 22:45:00,0.07923,0.0796,0.07923,0.07935,77991437.0
2026-08-20 23:00:00,0.07934,0.07972,0.07934,0.07968,36465400.0
2026-08-20 23:15:00,0.07967,0.08064,0.07962,0.08055,134944206.0
2026-08-20 23:30:00,0.08055,0.08067,0.0802,0.08021,85322679.0
2026-08-20 23:45:00,0.08021,0.08053,0.08016,0.08044,29079106.0
2026-08-21 00:00:00,0.08045,0.08071,0.08028,0.08069,49368395.0
2026-08-21 00:15:00,0.08068,0.08167,0.08051,0.08107,242606854.0
2026-08-21 00:30:00,0.08107,0.08139,0.08085,0.08113,107632101.0
2026-08-21 00:45:00,0.08113,0.08145,0.08103,0.08126,58770765.0
2026-08-21 01:00:00,0.08125,0.08179,0.08114,0.08169,72809864.0
2026-08-21 01:15:00,0.08169,0.08222,0.08135,0.08192,169810666.0
2026-08-21 01:30:00,0.08192,0.08243,0.08186,0.08225,91593849.0
2026-08-21 01:45:00,0.08225,0.08304,0.08225,0.08251,154917463.0
2026-08-21 02:00:00,0.0825,0.08277,0.08185,0.08224,190398463.0
2026-08-21 02:15:00,0.08223,0.08236,0.08182,0.08208,97870339.0
2026-08-21 02:30:00,0.08209,0.08214,0.08159,0.08194,68429188.0
2026-08-21 02:45:00,0.08194,0.08196,0.08139,0.08142,99347851.0
2026-08-21 03:00:00,0.08142,0.08184,0.08119,0.08159,84297795.0
2026-08-21 03:15:00,0.0816,0.08197,0.08134,0.08191,53537166.0
2026-08-21 03:30:00,0.08191,0.0823,0.0819,0.08204,61681619.0
2026-08-21 03:45:00,0.08204,0.08234,0.08175,0.08176,103183963.0
2026-08-21 04:00:00,0.08176,0.08244,0.08176,0.08206,109683674.0
2026-08-21 04:15:00,0.08206,0.08234,0.08192,0.08203,76333251.0
2026-08-21 04:30:00,0.08204,0.08234,0.08186,0.08211,57671498.0
2026-08-21 04:45:00,0.08211,0.08243,0.08202,0.08229,93225134.0
2026-08-21 05:00:00,0.0823,0.08255,0.08203,0.08248,78878751.0
2026-08-21 05:15:00,0.08247,0.08275,0.08209,0.08243,70538316.0
2026-08-21 05:30:00,0.08243,0.08276,0.08235,0.08245,63155634.0
2026-08-21 05:45:00,0.08246,0.0828,0.08242,0.08269,65702131.0
2026-08-21 06:00:00,0.08268,0.08324,0.0826,0.08295,102857146.0
2026-08-21 06:15:00,0.08296,0.08405,0.08294,0.08336,205362387.0
2026-08-21 06:30:00,0.08335,0.08376,0.08322,0.08339,98394397.0
2026-08-21 06:45:00,0.0834,0.08347,0.08295,0.0832,76704361.0
2026-08-21 07:00:00,0.0832,0.08351,0.08315,0.08349,95130885.0
2026-08-21 07:15:00,0.08349,0.08407,0.08342,0.08384,173680001.0
2026-08-21 07:30:00,0.08384,0.08452,0.08378,0.08437,166704437.0
2026-08-21 07:45:00,0.08438,0.08441,0.08313,0.08345,221106111.0
2026-08-21 08:00:00,0.08345,0.08438,0.08336,0.08425,172438299.0
2026-08-21 08:15:00,0.08426,0.08455,0.08406,0.08445,92038295.0
2026-08-21 08:30:00,0.08446,0.08484,0.08436,0.08476,118368994.0
2026-08-21 08:45:00,0.08476,0.08574,0.08466,0.08562,278563086.0
2026-08-21 09:00:00,0.08562,0.0857,0.08256,0.08342,561895091.0
2026-08-21 09:15:00,0.08342,0.08359,0.08283,0.08348,184884869.0
2026-08-21 09:30:00,0.08348,0.08399,0.08335,0.08393,107027474.0
2026-08-21 09:45:00,0.08393,0.08462,0.08388,0.08448,131238940.0
2026-08-21 10:00:00,0.08449,0.08473,0.08383,0.08429,113567922.0
2026-08-21 10:15:00,0.08429,0.08462,0.08366,0.08388,107009004.0
2026-08-21 10:30:00,0.08388,0.08413,0.08346,0.08394,127401266.0
2026-08-21 10:45:00,0.08395,0.0847,0.08395,0.08452,67839468.0
2026-08-21 11:00:00,0.08452,0.0847,0.08372,0.08421,126144054.0
2026-08-21 11:15:00,0.08422,0.08445,0.08383,0.08412,82263898.0
2026-08-21 11:30:00,0.08413,0.0842,0.08262,0.08312,248316727.0
2026-08-21 11:45:00,0.08312,0.08343,0.08258,0.08301,119280566.0
2026-08-21 12:00:00,0.08301,0.08352,0.08264,0.0835,82595872.0
2026-08-21 12:15:00,0.08351,0.08352,0.08304,0.08323,83955659.0
2026-08-21 12:30:00,0.08323,0.0843,0.08309,0.08425,93776021.0
2026-08-21 12:45:00,0.08425,0.08429,0.08385,0.08395,55828212.0
2026-08-21 13:00:00,0.08396,0.08398,0.08362,0.0838,54595103.0
2026-08-21 13:15:00,0.08381,0.08382,0.08329,0.08349,61134139.0
2026-08-21 13:30:00,0.08349,0.0842,0.08268,0.08402,156074877.0
2026-08-21 13:45:00,0.08402,0.08437,0.08374,0.08399,117764617.0
2026-08-21 14:00:00,0.08399,0.0841,0.08327,0.08344,80909453.0
2026-08-21 14:15:00,0.08345,0.08389,0.08292,0.08374,150183079.0
2026-08-21 14:30:00,0.08374,0.08414,0.0835,0.08398,61408910.0
2026-08-21 14:45:00,0.08398,0.08436,0.08394,0.08422,79795690.0
2026-08-21 15:00:00,0.08422,0.0848,0.08405,0.08463,93657500.0
2026-08-21 15:15:00,0.08464,0.08479,0.0843,0.0844,81030720.0
2026-08-21 15:30:00,0.08439,0.08452,0.08383,0.08411,90712510.0
2026-08-21 15:45:00,0.08411,0.08433,0.08361,0.08383,110253849.0
2026-08-21 16:00:00,0.08383,0.08415,0.08355,0.08357,79377803.0
2026-08-21 16:15:00,0.08356,0.08452,0.08342,0.0845,99114194.0
2026-08-21 16:30:00,0.08449,0.08471,0.08434,0.08437,51832237.0
2026-08-21 16:45:00,0.08437,0.08483,0.08429,0.08468,59239624.0
2026-08-21 17:00:00,0.08469,0.08522,0.08453,0.08491,100475767.0
2026-08-21 17:15:00,0.08492,0.08492,0.08391,0.08468,100270208.0
2026-08-21 17:30:00,0.08469,0.08491,0.08439,0.08449,66738626.0
2026-08-21 17:45:00,0.08449,0.08461,0.08433,0.08439,40005836.0
2026-08-21 18:00:00,0.0844,0.08487,0.08434,0.08476,60210203.0
2026-08-21 18:15:00,0.08476,0.08536,0.08459,0.08499,117610817.0
2026-08-21 18:30:00,0.08499,0.08515,0.08408,0.08422,75522996.0
2026-08-21 18:45:00,0.08422,0.08438,0.08366,0.08431,96553122.0
2026-08-21 19:00:00,0.08432,0.08449,0.08358,0.08446,59717022.0
2026-08-21 19:15:00,0.08446,0.08491,0.08407,0.08488,50938450.0
2026-08-21 19:30:00,0.08487,0.08494,0.08441,0.08444,39595028.0
2026-08-21 19:45:00,0.08443,0.08514,0.08429,0.08493,60840809.0
2026-08-21 20:00:00,0.08493,0.08524,0.0847,0.08492,56128628.0
2026-08-21 20:15:00,0.08493,0.08565,0.08492,0.08542,80513194.0
2026-08-21 20:30:00,0.08541,0.0873,0.08537,0.08666,399490623.0
2026-08-21 20:45:00,0.08666,0.0874,0.08641,0.08736,143055922.0
2026-08-21 21:00:00,0.08736,0.08828,0.08702,0.08787,168586922.0
2026-08-21 21:15:00,0.08788,0.08876,0.0878,0.08798,197561673.0
2026-08-21 21:30:00,0.08798,0.09126,0.08792,0.09087,349923548.0
2026-08-21 21:45:00,0.09087,0.09187,0.09033,0.09174,280484265.0
2026-08-21 22:00:00,0.09174,0.09378,0.09133,0.09343,455169224.0
2026-08-21 22:15:00,0.09343,0.09343,0.09182,0.09328,399557656.0
2026-08-21 22:30:00,0.09329,0.09448,0.09222,0.09388,345515898.0
2026-08-21 22:45:00,0.09387,0.09475,0.09333,0.09418,266071421.0
2026-08-21 23:00:00,0.09419,0.0944,0.09347,0.094,191883678.0
2026-08-21 23:15:00,0.094,0.0944,0.09292,0.09298,191211346.0
2026-08-21 23:30:00,0.09299,0.09318,0.09161,0.09219,315120578.0
2026-08-21 23:45:00,0.09218,0.09229,0.09104,0.09157,168321321.0
2026-08-22 00:00:00,0.09156,0.09198,0.09016,0.0908,210750174.0
2026-08-22 00:15:00,0.09081,0.09186,0.09051,0.0914,139953110.0
2026-08-22 00:30:00,0.09139,0.09173,0.09085,0.09106,78529211.0
2026-08-22 00:45:00,0.09105,0.09185,0.09069,0.09182,96879906.0
2026-08-22 01:00:00,0.09181,0.0921,0.09149,0.09178,102452837.0
2026-08-22 01:15:00,0.09178,0.09246,0.09168,0.09217,84608252.0
2026-08-22 01:30:00,0.09218,0.09241,0.09175,0.09191,75214034.0
2026-08-22 01:45:00,0.0919,0.09202,0.09101,0.09148,102001104.0
2026-08-22 02:00:00,0.09148,0.09233,0.09133,0.09221,71824236.0
2026-08-22 02:15:00,0.09221,0.09318,0.09215,0.09298,119953072.0
2026-08-22 02:30:00,0.09298,0.09367,0.09253,0.0935,120235388.0
2026-08-22 02:45:00,0.0935,0.09395,0.09333,0.09377,77466006.0
2026-08-22 03:00:00,0.09378,0.09387,0.09343,0.09364,83616304.0
2026-08-22 03:15:00,0.09365,0.09725,0.09362,0.0967,396762103.0
2026-08-22 03:30:00,0.09671,0.09691,0.09466,0.09539,219621092.0
2026-08-22 03:45:00,0.09538,0.0964,0.09529,0.09573,172739747.0
2026-08-22 04:00:00,0.09572,0.09597,0.0949,0.09538,123923232.0
2026-08-22 04:15:00,0.09539,0.09654,0.09513,0.09626,140138367.0
2026-08-22 04:30:00,0.09626,0.10105,0.09616,0.10031,529963365.0
2026-08-22 04:45:00,0.1003,0.10056,0.09808,0.09858,470738155.0
2026-08-22 05:00:00,0.09857,0.09968,0.0832,0.09038,1311385597.0
2026-08-22 05:15:00,0.09041,0.09302,0.08236,0.09106,979476495.0
2026-08-22 05:30:00,0.09107,0.09136,0.08923,0.09024,327235498.0
2026-08-22 05:45:00,0.09024,0.09216,0.09001,0.09186,312111611.0
2026-08-22 06:00:00,0.09187,0.09219,0.09075,0.09108,195631450.0
2026-08-22 06:15:00,0.09108,0.09309,0.09108,0.09243,267192583.0
2026-08-22 06:30:00,0.09243,0.09376,0.09145,0.09284,401187358.0
2026-08-22 06:45:00,0.09283,0.09303,0.09224,0.0927,153281793.0
2026-08-22 07:00:00,0.0927,0.0934,0.09206,0.09248,241259278.0
2026-08-22 07:15:00,0.09248,0.09323,0.09142,0.09316,264114179.0
2026-08-22 07:30:00,0.09317,0.09395,0.09256,0.09299,131442349.0
2026-08-22 07:45:00,0.09299,0.09335,0.09259,0.09308,75353881.0
2026-08-22 08:00:00,0.09309,0.09352,0.09236,0.09348,210872200.0
2026-08-22 08:15:00,0.09349,0.09351,0.0912,0.09177,257017729.0
2026-08-22 08:30:00,0.09178,0.09184,0.09051,0.09152,281657915.0
2026-08-22 08:45:00,0.09152,0.09162,0.09093,0.09153,123611904.0
2026-08-22 09:00:00,0.09153,0.0922,0.0901,0.09218,272578408.0
2026-08-22 09:15:00,0.09219,0.09247,0.0915,0.09166,161524717.0
2026-08-22 09:30:00,0.09167,0.0919,0.09101,0.09133,126893398.0
2026-08-22 09:45:00,0.09134,0.09139,0.09037,0.0908,140195814.0
2026-08-22 10:00:00,0.0908,0.0909,0.08883,0.08915,339387055.0
2026-08-22 10:15:00,0.08915,0.08947,0.08772,0.08936,349355720.0
2026-08-22 10:30:00,0.08937,0.09049,0.08902,0.09036,185521843.0
2026-08-22 10:45:00,0.09037,0.09048,0.08937,0.08973,114091475.0
2026-08-22 11:00:00,0.08972,0.09005,0.08912,0.08967,73721683.0
2026-08-22 11:15:00,0.08967,0.08986,0.08932,0.08973,49124323.0
2026-08-22 11:30:00,0.08973,0.09038,0.08951,0.09029,105140209.0
2026-08-22 11:45:00,0.09028,0.09036,0.08978,0.08995,54696224.0
2026-08-22 12:00:00,0.08995,0.09116,0.0896,0.09101,115110289.0
2026-08-22 12:15:00,0.091,0.09139,0.09066,0.09108,84583162.0
2026-08-22 12:30:00,0.09107,0.09166,0.09072,0.09159,53915157.0
2026-08-22 12:45:00,0.09159,0.09217,0.09146,0.09154,105951427.0
2026-08-22 13:00:00,0.09154,0.09199,0.09124,0.09144,118726618.0
2026-08-22 13:15:00,0.09144,0.09182,0.09107,0.09142,75159107.0
2026-08-22 13:30:00,0.09141,0.0916,0.09077,0.0913,97031550.0
2026-08-22 13:45:00,0.0913,0.09178,0.09107,0.09127,71301590.0
2026-08-22 14:00:00,0.09127,0.09143,0.09019,0.09072,128299574.0
2026-08-22 14:15:00,0.09073,0.09097,0.09025,0.09082,61136906.0
2026-08-22 14:30:00,0.09082,0.09119,0.09015,0.09017,65554351.0
2026-08-22 14:45:00,0.09017,0.09039,0.08986,0.09023,103714096.0
2026-08-22 15:00:00,0.09023,0.09058,0.08968,0.0897,95169285.0
2026-08-22 15:15:00,0.08971,0.09037,0.08954,0.09027,42781678.0
2026-08-22 15:30:00,0.09027,0.09072,0.09007,0.09036,43836629.0
2026-08-22 15:45:00,0.09036,0.09056,0.09008,0.09035,36378431.0
2026-08-22 16:00:00,0.09034,0.09093,0.08981,0.09042,76247561.0
2026-08-22 16:15:00,0.09042,0.09145,0.09033,0.09116,99064263.0
2026-08-22 16:30:00,0.09115,0.09195,0.09115,0.09179,152104581.0
2026-08-22 16:45:00,0.09179,0.09226,0.0916,0.0917,177794522.0
2026-08-22 17:00:00,0.0917,0.09201,0.09128,0.09195,102469822.0
2026-08-22 17:15:00,0.09196,0.09323,0.09176,0.09204,183710492.0
2026-08-22 17:30:00,0.09203,0.0936,0.09195,0.09355,105401568.0
2026-08-22 17:45:00,0.09354,0.09359,0.09298,0.09322,81862364.0
2026-08-22 18:00:00,0.09322,0.09395,0.09261,0.09283,120733139.0
2026-08-22 18:15:00,0.09283,0.09386,0.09277,0.0936,106457880.0
2026-08-22 18:30:00,0.0936,0.09382,0.09297,0.09305,80761291.0
2026-08-22 18:45:00,0.09304,0.09317,0.09223,0.09289,112637176.0
2026-08-22 19:00:00,0.0929,0.09293,0.09215,0.09288,65733913.0
2026-08-22 19:15:00,0.09288,0.09314,0.09248,0.09282,56456818.0
2026-08-22 19:30:00,0.09281,0.09363,0.09281,0.09358,59874952.0
2026-08-22 19:45:00,0.09357,0.09382,0.09347,0.09352,53716988.0
2026-08-22 20:00:00,0.09352,0.09534,0.09336,0.09498,151951697.0
2026-08-22 20:15:00,0.09499,0.09524,0.09374,0.09419,114027527.0
2026-08-22 20:30:00,0.0942,0.09504,0.09418,0.09449,115056693.0
2026-08-22 20:45:00,0.09449,0.0949,0.09421,0.09424,70129105.0
2026-08-22 21:00:00,0.09425,0.09433,0.09315,0.09332,112651071.0
2026-08-22 21:15:00,0.09332,0.09382,0.09308,0.09339,48170580.0
2026-08-22 21:30:00,0.09339,0.09339,0.09205,0.09273,108021091.0
2026-08-22 21:45:00,0.09272,0.09272,0.09132,0.09165,133252614.0
2026-08-22 22:00:00,0.09165,0.09259,0.09121,0.09244,122207979.0
2026-08-22 22:15:00,0.09244,0.09259,0.09191,0.09231,49071955.0
2026-08-22 22:30:00,0.0923,0.09248,0.09191,0.092,45203215.0
2026-08-22 22:45:00,0.09201,0.09236,0.09179,0.09196,49424905.0
2026-08-22 23:00:00,0.09196,0.0921,0.09162,0.09178,41112547.0
2026-08-22 23:15:00,0.09178,0.09192,0.09157,0.0917,33453528.0
2026-08-22 23:30:00,0.0917,0.09174,0.09111,0.09159,53255079.0
2026-08-22 23:45:00,0.09158,0.09216,0.09155,0.09188,53257123.0
2026-08-23 00:00:00,0.09188,0.0924,0.09182,0.09204,85119853.0
2026-08-23 00:15:00,0.09204,0.09277,0.09196,0.09276,62574430.0
2026-08-23 00:30:00,0.09276,0.0938,0.09275,0.09351,136135725.0
2026-08-23 00:45:00,0.09352,0.09436,0.09344,0.09394,109311277.0
2026-08-23 01:00:00,0.09394,0.09405,0.09312,0.09404,91889320.0
2026-08-23 01:15:00,0.09404,0.09407,0.09326,0.09345,41040406.0
2026-08-23 01:30:00,0.09346,0.09379,0.0929,0.09339,66116570.0
2026-08-23 01:45:00,0.09338,0.09377,0.09286,0.09296,65439740.0
2026-08-23 02:00:00,0.09296,0.09313,0.09163,0.09168,135703478.0
2026-08-23 02:15:00,0.09167,0.09218,0.09132,0.09165,76594336.0
2026-08-23 02:30:00,0.09165,0.09227,0.09156,0.09218,52905244.0
2026-08-23 02:45:00,0.09219,0.09263,0.09179,0.09185,77653957.0
2026-08-23 03:00:00,0.09185,0.09192,0.09118,0.09171,126940176.0
2026-08-23 03:15:00,0.0917,0.0921,0.09112,0.09133,132949713.0
2026-08-23 03:30:00,0.09132,0.09136,0.09055,0.09077,175455216.0
2026-08-23 03:45:00,0.09078,0.09135,0.09078,0.09109,82610467.0
2026-08-23 04:00:00,0.09109,0.09154,0.0907,0.09152,162643308.0
2026-08-23 04:15:00,0.09152,0.09175,0.09086,0.0912,109258201.0
2026-08-23 04:30:00,0.09119,0.09124,0.09038,0.09044,132934772.0
2026-08-23 04:45:00,0.09044,0.09048,0.08929,0.08951,298443229.0
2026-08-23 05:00:00,0.08952,0.09,0.0893,0.0894,240017977.0
2026-08-23 05:15:00,0.08939,0.0908,0.08874,0.0903,283724492.0
2026-08-23 05:30:00,0.09029,0.09069,0.08977,0.08993,90465429.0
2026-08-23 05:45:00,0.08993,0.09003,0.08951,0.08953,41983388.0
2026-08-23 06:00:00,0.08952,0.0898,0.089,0.08965,134363275.0
2026-08-23 06:15:00,0.08966,0.09022,0.08963,0.09,93279934.0
2026-08-23 06:30:00,0.09,0.09056,0.08992,0.09006,65674381.0
2026-08-23 06:45:00,0.09005,0.09015,0.08958,0.0898,52503485.0
2026-08-23 07:00:00,0.0898,0.09041,0.08966,0.09036,92319230.0
2026-08-23 07:15:00,0.09037,0.09076,0.09029,0.09035,63407871.0
2026-08-23 07:30:00,0.09034,0.09034,0.09,0.09018,55920921.0
2026-08-23 07:45:00,0.09017,0.09055,0.09,0.09033,43596224.0
2026-08-23 08:00:00,0.09033,0.09096,0.09019,0.09081,65422191.0
2026-08-23 08:15:00,0.0908,0.09114,0.09075,0.09093,42598303.0
2026-08-23 08:30:00,0.09094,0.09158,0.09089,0.09142,75864472.0
2026-08-23 08:45:00,0.09142,0.09144,0.0909,0.09096,47909224.0
2026-08-23 09:00:00,0.09096,0.09116,0.09068,0.09082,46195865.0
2026-08-23 09:15:00,0.09082,0.09103,0.0907,0.09088,36100664.0
2026-08-23 09:30:00,0.09087,0.09116,0.09044,0.09102,73064731.0
2026-08-23 09:45:00,0.09102,0.09141,0.09082,0.09109,58748911.0
2026-08-23 10:00:00,0.0911,0.09166,0.09104,0.0914,64636757.0
2026-08-23 10:15:00,0.0914,0.09291,0.0914,0.09194,214038925.0
2026-08-23 10:30:00,0.09195,0.09255,0.0919,0.09245,146443448.0
2026-08-23 10:45:00,0.09245,0.09253,0.0922,0.09222,40428682.0
2026-08-23 11:00:00,0.09223,0.09243,0.09195,0.09219,67605019.0
2026-08-23 11:15:00,0.0922,0.09309,0.09205,0.09259,96372622.0
2026-08-23 11:30:00,0.09259,0.09291,0.09238,0.0928,62377462.0
2026-08-23 11:45:00,0.0928,0.09304,0.09258,0.09273,43246108.0
2026-08-23 12:00:00,0.09273,0.09279,0.09186,0.09215,92657236.0
2026-08-23 12:15:00,0.09216,0.09254,0.09207,0.09225,46059702.0
2026-08-23 12:30:00,0.09225,0.09254,0.09214,0.09249,30707046.0
2026-08-23 12:45:00,0.09249,0.09249,0.09202,0.09236,37857576.0
2026-08-23 13:00:00,0.09235,0.09246,0.09216,0.09244,23869812.0
2026-08-23 13:15:00,0.09245,0.09373,0.0924,0.09325,185445511.0
2026-08-23 13:30:00,0.09325,0.09355,0.09303,0.09344,69309587.0
2026-08-23 13:45:00,0.09344,0.09388,0.09321,0.09372,72277714.0
2026-08-23 14:00:00,0.09373,0.09452,0.09369,0.09436,134876712.0
2026-08-23 14:15:00,0.09436,0.09451,0.09388,0.09394,97119051.0
2026-08-23 14:30:00,0.09394,0.09432,0.09071,0.09222,339911912.0
2026-08-23 14:45:00,0.09221,0.09299,0.0922,0.09271,141156520.0
2026-08-23 15:00:00,0.09271,0.0931,0.09218,0.09251,117312742.0
2026-08-23 15:15:00,0.09252,0.09259,0.09169,0.09239,117354672.0
2026-08-23 15:30:00,0.0924,0.09294,0.09214,0.09288,69590387.0
2026-08-23 15:45:00,0.09287,0.09302,0.09238,0.09244,64465572.0
2026-08-23 16:00:00,0.09245,0.09276,0.09215,0.09247,57302295.0
2026-08-23 16:15:00,0.09246,0.09249,0.09194,0.09213,47687402.0
2026-08-23 16:30:00,0.09213,0.09273,0.09202,0.0924,58375049.0
2026-08-23 16:45:00,0.0924,0.09285,0.09212,0.09285,70714549.0
2026-08-23 17:00:00,0.09284,0.09291,0.0919,0.09259,68516016.0
2026-08-23 17:15:00,0.09259,0.09318,0.0922,0.0928,88690355.0
2026-08-23 17:30:00,0.0928,0.09292,0.0923,0.09265,65532198.0
2026-08-23 17:45:00,0.09265,0.09299,0.0924,0.09262,35089687.0
2026-08-23 18:00:00,0.09262,0.09322,0.09239,0.09319,88661463.0
2026-08-23 18:15:00,0.09319,0.0934,0.09281,0.09313,63591656.0
2026-08-23 18:30:00,0.09313,0.09322,0.09267,0.09299,29081791.0
2026-08-23 18:45:00,0.093,0.09306,0.09269,0.09301,18757455.0
2026-08-23 19:00:00,0.09302,0.09307,0.09209,0.0924,48092817.0
2026-08-23 19:15:00,0.0924,0.09255,0.09223,0.09243,27783590.0
2026-08-23 19:30:00,0.09244,0.09292,0.09198,0.09291,37875812.0
2026-08-23 19:45:00,0.09291,0.09308,0.09238,0.09239,39864864.0
2026-08-23 20:00:00,0.0924,0.09256,0.09201,0.09251,37963444.0
2026-08-23 20:15:00,0.09251,0.09297,0.09245,0.09271,27550063.0
2026-08-23 20:30:00,0.09271,0.09293,0.09269,0.09285,17651698.0
2026-08-23 20:45:00,0.09284,0.09288,0.09271,0.09284,14250675.0
2026-08-23 21:00:00,0.09284,0.09387,0.09283,0.09383,64243086.0
2026-08-23 21:15:00,0.09382,0.09445,0.09382,0.0944,66800583.0
2026-08-23 21:30:00,0.09441,0.09454,0.09332,0.09341,67972296.0
2026-08-23 21:45:00,0.09341,0.09375,0.09316,0.09335,34386776.0
2026-08-23 22:00:00,0.09335,0.09373,0.09268,0.09296,102930562.0
2026-08-23 22:15:00,0.09296,0.09334,0.09277,0.09304,38191402.0
2026-08-23 22:30:00,0.09304,0.09324,0.0928,0.09297,32153234.0
2026-08-23 22:45:00,0.09297,0.09325,0.0928,0.09312,24670484.0
2026-08-23 23:00:00,0.09312,0.09325,0.09267,0.09292,46629246.0
2026-08-23 23:15:00,0.09292,0.09347,0.0928,0.09335,40437821.0
2026-08-23 23:30:00,0.09335,0.09388,0.09284,0.09301,66526423.0
2026-08-23 23:45:00,0.09301,0.0936,0.09296,0.09343,34039000.0
2026-08-24 00:00:00,0.09344,0.09365,0.09281,0.09296,67636983.0
2026-08-24 00:15:00,0.09296,0.09299,0.09201,0.09235,104755052.0
2026-08-24 00:30:00,0.09235,0.09288,0.09155,0.09175,122649033.0
2026-08-24 00:45:00,0.09175,0.09277,0.09134,0.09276,135971961.0
2026-08-24 01:00:00,0.09276,0.09279,0.09186,0.09203,82030299.0
2026-08-24 01:15:00,0.09203,0.09214,0.09161,0.09169,54632033.0
2026-08-24 01:30:00,0.09169,0.0919,0.09131,0.09139,69486062.0
2026-08-24 01:45:00,0.09138,0.09144,0.09033,0.09071,121168427.0
2026-08-24 02:00:00,0.0907,0.09184,0.09065,0.09173,96790102.0
2026-08-24 02:15:00,0.09172,0.09217,0.09171,0.09203,64816080.0
2026-08-24 02:30:00,0.09203,0.09233,0.09192,0.09211,65299875.0
2026-08-24 02:45:00,0.09211,0.09214,0.09148,0.09177,43968102.0
2026-08-24 03:00:00,0.09176,0.09187,0.09131,0.09149,38984462.0
2026-08-24 03:15:00,0.09151,0.09191,0.09112,0.09131,51171535.0
2026-08-24 03:30:00,0.09131,0.09174,0.09073,0.09141,84457277.0
2026-08-24 03:45:00,0.09141,0.09174,0.09113,0.09121,29474026.0
2026-08-24 04:00:00,0.0912,0.09187,0.09119,0.09171,48569656.0
2026-08-24 04:15:00,0.09172,0.09216,0.09171,0.09214,46863454.0
2026-08-24 04:30:00,0.09214,0.09235,0.09204,0.09235,47858483.0
2026-08-24 04:45:00,0.09235,0.09244,0.09154,0.09219,65014816.0
2026-08-24 05:00:00,0.0922,0.09306,0.09178,0.093,73119002.0
2026-08-24 05:15:00,0.093,0.09314,0.09211,0.09213,63328480.0
2026-08-24 05:30:00,0.09212,0.09233,0.09131,0.09205,90585037.0
2026-08-24 05:45:00,0.09205,0.09217,0.09173,0.09198,29175164.0
2026-08-24 06:00:00,0.09198,0.09215,0.09135,0.09207,51642269.0
2026-08-24 06:15:00,0.09207,0.09222,0.09172,0.0918,31038772.0
2026-08-24 06:30:00,0.0918,0.09185,0.09123,0.09139,44572990.0
2026-08-24 06:45:00,0.0914,0.09203,0.09132,0.09166,39819745.0
2026-08-24 07:00:00,0.09165,0.09268,0.09155,0.0925,67806021.0
2026-08-24 07:15:00,0.0925,0.09263,0.09177,0.09195,77852236.0
2026-08-24 07:30:00,0.09195,0.09195,0.09133,0.09134,42297572.0
2026-08-24 07:45:00,0.09135,0.09173,0.09132,0.09138,30587459.0
2026-08-24 08:00:00,0.09137,0.09144,0.09088,0.09103,174010063.0
2026-08-24 08:15:00,0.09103,0.09103,0.0902,0.09029,240661094.0
2026-08-24 08:30:00,0.09029,0.09089,0.09024,0.09085,125957863.0
2026-08-24 08:45:00,0.09085,0.09095,0.09065,0.09075,97245518.0
2026-08-24 09:00:00,0.09076,0.0913,0.0907,0.09123,79751997.0
2026-08-24 09:15:00,0.09124,0.09144,0.09118,0.09135,48694452.0
2026-08-24 09:30:00,0.09135,0.09155,0.09125,0.09129,30725629.0
2026-08-24 09:45:00,0.09129,0.09137,0.09112,0.09123,25588459.0
2026-08-24 10:00:00,0.09122,0.09173,0.09109,0.09165,62953306.0
2026-08-24 10:15:00,0.09166,0.09173,0.0913,0.09132,41960800.0
2026-08-24 10:30:00,0.09131,0.09174,0.09096,0.09101,59545587.0
2026-08-24 10:45:00,0.09101,0.0913,0.09077,0.09095,36075565.0
2026-08-24 11:00:00,0.09094,0.09116,0.09031,0.0911,68276866.0
2026-08-24 11:15:00,0.0911,0.09141,0.09082,0.09135,39249341.0
2026-08-24 11:30:00,0.09136,0.09272,0.09124,0.09271,164871235.0
2026-08-24 11:45:00,0.0927,0.09272,0.09186,0.09224,100919095.0
2026-08-24 12:00:00,0.09223,0.09225,0.09164,0.09165,48089237.0
2026-08-24 12:15:00,0.09166,0.09248,0.0912,0.09244,105678014.0
2026-08-24 12:30:00,0.09244,0.09303,0.0922,0.09255,114953794.0
2026-08-24 12:45:00,0.09255,0.09338,0.09252,0.09323,151481228.0
2026-08-24 13:00:00,0.09323,0.09333,0.09261,0.09299,101020838.0
2026-08-24 13:15:00,0.09299,0.093,0.09234,0.09244,82938811.0
2026-08-24 13:30:00,0.09245,0.09246,0.0906,0.09084,273254581.0
2026-08-24 13:45:00,0.09084,0.09099,0.09031,0.09085,242184640.0
2026-08-24 14:00:00,0.09085,0.0916,0.09073,0.0915,121679094.0
2026-08-24 14:15:00,0.09151,0.09203,0.09093,0.09162,112313094.0
2026-08-24 14:30:00,0.09162,0.09247,0.09155,0.09213,141151946.0
2026-08-24 14:45:00,0.09213,0.09228,0.09138,0.09193,93443107.0
2026-08-24 15:00:00,0.09192,0.09221,0.09168,0.09186,46409157.0
2026-08-24 15:15:00,0.09186,0.09283,0.09182,0.09256,110339654.0
2026-08-24 15:30:00,0.09255,0.09262,0.0908,0.09129,174343918.0
2026-08-24 15:45:00,0.09129,0.09183,0.09088,0.09123,116649949.0
2026-08-24 16:00:00,0.09123,0.09207,0.0912,0.09171,87501753.0
2026-08-24 16:15:00,0.0917,0.09229,0.09163,0.09208,51511728.0
2026-08-24 16:30:00,0.09209,0.09224,0.09157,0.09171,56310255.0
2026-08-24 16:45:00,0.09171,0.09174,0.09071,0.09102,86296357.0
2026-08-24 17:00:00,0.09102,0.09107,0.09001,0.09072,175308611.0
2026-08-24 17:15:00,0.09071,0.0908,0.08792,0.08846,517944212.0
2026-08-24 17:30:00,0.08845,0.08882,0.08821,0.08838,150316969.0
2026-08-24 17:45:00,0.08838,0.08896,0.08833,0.08893,78732687.0
2026-08-24 18:00:00,0.08892,0.08952,0.08892,0.0894,120420652.0
2026-08-24 18:15:00,0.08939,0.08963,0.08921,0.08955,61371764.0
2026-08-24 18:30:00,0.08955,0.08969,0.08888,0.08946,61359084.0
2026-08-24 18:45:00,0.08946,0.08955,0.08892,0.08918,36544267.0
2026-08-24 19:00:00,0.08917,0.08937,0.08865,0.08925,66684722.0
2026-08-24 19:15:00,0.08924,0.08932,0.08878,0.08917,42605610.0
2026-08-24 19:30:00,0.08917,0.08941,0.08901,0.08919,33909153.0
2026-08-24 19:45:00,0.0892,0.08927,0.08886,0.08906,29014263.0
2026-08-24 20:00:00,0.08906,0.08923,0.08861,0.089,55643362.0
2026-08-24 20:15:00,0.089,0.08914,0.08864,0.08885,27112858.0
2026-08-24 20:30:00,0.08884,0.08951,0.08876,0.08932,50211929.0
2026-08-24 20:45:00,0.08931,0.08946,0.0892,0.08943,35848066.0
2026-08-24 21:00:00,0.08943,0.0899,0.08943,0.08983,57431761.0
2026-08-24 21:15:00,0.08982,0.08988,0.08953,0.08976,37894350.0
2026-08-24 21:30:00,0.08976,0.08984,0.08961,0.08973,26684768.0
2026-08-24 21:45:00,0.08974,0.09029,0.08966,0.09027,68708635.0
2026-08-24 22:00:00,0.09027,0.09029,0.08982,0.08995,47189944.0
2026-08-24 22:15:00,0.08994,0.09005,0.08973,0.08976,22203815.0
2026-08-24 22:30:00,0.08976,0.09015,0.08967,0.0897,44764886.0
2026-08-24 22:45:00,0.08969,0.08985,0.08927,0.08958,101684513.0
2026-08-24 23:00:00,0.08958,0.08967,0.08918,0.0894,55174654.0
2026-08-24 23:15:00,0.0894,0.08992,0.08935,0.08973,48672003.0
2026-08-24 23:30:00,0.08973,0.09008,0.08971,0.09002,26872322.0
2026-08-24 23:45:00,0.09001,0.09032,0.08969,0.0901,49688001.0
2026-08-25 00:00:00,0.0901,0.09046,0.08981,0.09027,92118014.0
2026-08-25 00:15:00,0.09026,0.09031,0.08971,0.09006,44408226.0
2026-08-25 00:30:00,0.09006,0.0912,0.08991,0.09116,94180885.0
2026-08-25 00:45:00,0.09117,0.09178,0.09113,0.0914,111764455.0
2026-08-25 01:00:00,0.09139,0.09161,0.09089,0.09107,64074981.0
2026-08-25 01:15:00,0.09107,0.09149,0.09076,0.09128,49562158.0
2026-08-25 01:30:00,0.09128,0.09147,0.0909,0.09097,46120954.0
2026-08-25 01:45:00,0.09097,0.09117,0.09074,0.09106,39194650.0
2026-08-25 02:00:00,0.09106,0.09117,0.09081,0.09093,37723858.0
2026-08-25 02:15:00,0.09092,0.09297,0.09083,0.09292,210417536.0
2026-08-25 02:30:00,0.09291,0.09303,0.09248,0.09252,105386472.0
2026-08-25 02:45:00,0.09252,0.09254,0.09181,0.092,115378573.0
2026-08-25 03:00:00,0.09201,0.0929,0.09194,0.0928,66799706.0
2026-08-25 03:15:00,0.09281,0.09303,0.09236,0.0926,64413179.0
2026-08-25 03:30:00,0.0926,0.09294,0.09231,0.09242,60059926.0
2026-08-25 03:45:00,0.09241,0.09247,0.09153,0.09192,123370716.0
2026-08-25 04:00:00,0.09192,0.09221,0.09156,0.09212,58502172.0
2026-08-25 04:15:00,0.09213,0.09221,0.09171,0.09188,49551616.0
2026-08-25 04:30:00,0.09189,0.09211,0.09161,0.09178,42742169.0
2026-08-25 04:45:00,0.09177,0.09219,0.09173,0.09206,36881394.0
2026-08-25 05:00:00,0.09206,0.09264,0.09193,0.09248,60737061.0
2026-08-25 05:15:00,0.09249,0.09309,0.09239,0.09286,48106730.0
2026-08-25 05:30:00,0.09287,0.09308,0.09266,0.0927,59908552.0
2026-08-25 05:45:00,0.09271,0.09295,0.09266,0.09267,28439190.0
2026-08-25 06:00:00,0.09268,0.09282,0.09249,0.09274,31674820.0
2026-08-25 06:15:00,0.09274,0.09297,0.09266,0.09266,44730569.0
2026-08-25 06:30:00,0.09265,0.09266,0.09205,0.09211,65841457.0
2026-08-25 06:45:00,0.09212,0.09213,0.09158,0.09188,70314766.0
2026-08-25 07:00:00,0.09187,0.09246,0.09183,0.09237,48976333.0
2026-08-25 07:15:00,0.09237,0.09247,0.09225,0.09234,26939571.0
2026-08-25 07:30:00,0.09233,0.09233,0.09194,0.09208,37180659.0
2026-08-25 07:45:00,0.09209,0.09217,0.09012,0.09078,296260997.0
2026-08-25 08:00:00,0.09079,0.09101,0.09045,0.09099,83979821.0
2026-08-25 08:15:00,0.09099,0.09155,0.09098,0.09138,56072344.0
2026-08-25 08:30:00,0.09138,0.09151,0.09104,0.09126,40847000.0
2026-08-25 08:45:00,0.09126,0.09129,0.09081,0.09102,38731008.0
2026-08-25 09:00:00,0.09101,0.09113,0.09068,0.09101,42100402.0
2026-08-25 09:15:00,0.09102,0.09127,0.09094,0.09106,27492617.0
2026-08-25 09:30:00,0.09107,0.09132,0.09107,0.09123,18700134.0
2026-08-25 09:45:00,0.09123,0.09128,0.08975,0.09042,163442372.0
2026-08-25 10:00:00,0.09042,0.09064,0.09021,0.0906,58825643.0
2026-08-25 10:15:00,0.0906,0.09082,0.09055,0.09064,42222704.0
2026-08-25 10:30:00,0.09064,0.09065,0.09032,0.09046,42741232.0
2026-08-25 10:45:00,0.09045,0.09079,0.09045,0.0906,36498266.0
2026-08-25 11:00:00,0.0906,0.09083,0.09033,0.09038,45190300.0
2026-08-25 11:15:00,0.09038,0.09062,0.09032,0.09056,24132521.0
2026-08-25 11:30:00,0.09055,0.09078,0.09041,0.09044,35106138.0
2026-08-25 11:45:00,0.09045,0.09056,0.09009,0.09015,36541583.0
2026-08-25 12:00:00,0.09014,0.09027,0.0894,0.09005,148193763.0
2026-08-25 12:15:00,0.09004,0.09005,0.08914,0.08957,108242582.0
2026-08-25 12:30:00,0.08956,0.08981,0.08934,0.08979,52214678.0
2026-08-25 12:45:00,0.08979,0.09024,0.08969,0.0901,49798013.0
2026-08-25 13:00:00,0.0901,0.09019,0.08945,0.08948,82212166.0
2026-08-25 13:15:00,0.08947,0.08947,0.08857,0.08864,140726041.0
2026-08-25 13:30:00,0.08864,0.08959,0.08857,0.089,117019911.0
2026-08-25 13:45:00,0.089,0.08904,0.08695,0.08825,445425209.0
2026-08-25 14:00:00,0.08824,0.08888,0.088,0.08867,101509942.0
2026-08-25 14:15:00,0.08867,0.08921,0.08844,0.08902,79234163.0
2026-08-25 14:30:00,0.08902,0.08937,0.08878,0.08898,78761351.0
2026-08-25 14:45:00,0.08899,0.08928,0.08894,0.08903,48714061.0
2026-08-25 15:00:00,0.08904,0.08908,0.08857,0.08859,44035401.0
2026-08-25 15:15:00,0.0886,0.08909,0.08848,0.08891,41091882.0
2026-08-25 15:30:00,0.0889,0.08931,0.08884,0.08896,39409627.0
2026-08-25 15:45:00,0.08897,0.08924,0.08876,0.08917,27998445.0
2026-08-25 16:00:00,0.08918,0.08927,0.08868,0.0888,39874220.0
2026-08-25 16:15:00,0.0888,0.08903,0.08868,0.08893,40705384.0
2026-08-25 16:30:00,0.08893,0.08941,0.08889,0.08918,46451126.0
2026-08-25 16:45:00,0.08918,0.08931,0.08891,0.08901,30673692.0
2026-08-25 17:00:00,0.08901,0.08901,0.08826,0.08856,60759793.0
2026-08-25 17:15:00,0.08855,0.08877,0.08819,0.08829,46992567.0
2026-08-25 17:30:00,0.08829,0.08867,0.08829,0.08867,48498802.0
2026-08-25 17:45:00,0.08867,0.08888,0.08861,0.08883,24263803.0
2026-08-25 18:00:00,0.08883,0.08892,0.0886,0.08876,32470467.0
2026-08-25 18:15:00,0.08876,0.089,0.08873,0.08888,21090660.0
2026-08-25 18:30:00,0.08888,0.0889,0.08865,0.08889,18150853.0
2026-08-25 18:45:00,0.08889,0.08899,0.08855,0.0887,21704176.0
2026-08-25 19:00:00,0.0887,0.08882,0.08832,0.0885,37973139.0
2026-08-25 19:15:00,0.0885,0.08855,0.08811,0.08811,28047322.0
2026-08-25 19:30:00,0.08811,0.08837,0.08782,0.08788,66988486.0
2026-08-25 19:45:00,0.08788,0.08816,0.08788,0.08804,31808468.0
2026-08-25 20:00:00,0.08804,0.08812,0.08725,0.08768,89162442.0
2026-08-25 20:15:00,0.08767,0.08797,0.08753,0.08755,31130692.0
2026-08-25 20:30:00,0.08755,0.0876,0.08574,0.08635,244888218.0
2026-08-25 20:45:00,0.08635,0.08656,0.08573,0.08575,213722965.0
2026-08-25 21:00:00,0.08575,0.08621,0.08473,0.08588,260267111.0
2026-08-25 21:15:00,0.08589,0.08617,0.08558,0.08614,81459499.0
2026-08-25 21:30:00,0.08614,0.08666,0.08612,0.08644,54756707.0
2026-08-25 21:45:00,0.08643,0.08649,0.08616,0.08633,31443621.0
2026-08-25 22:00:00,0.08633,0.08691,0.08633,0.08688,52279429.0
2026-08-25 22:15:00,0.08689,0.087,0.08635,0.08649,46969723.0
2026-08-25 22:30:00,0.08649,0.0868,0.08638,0.08658,22648918.0
2026-08-25 22:45:00,0.08658,0.08687,0.08655,0.08678,17529404.0
2026-08-25 23:00:00,0.08678,0.08694,0.08645,0.08661,53108009.0
2026-08-25 23:15:00,0.0866,0.08678,0.08635,0.08655,44255731.0
2026-08-25 23:30:00,0.08654,0.08654,0.08588,0.08594,47592072.0
2026-08-25 23:45:00,0.08593,0.086,0.08553,0.08568,50491752.0
2026-08-26 00:00:00,0.08568,0.08589,0.08541,0.08548,86333117.0
2026-08-26 00:15:00,0.08548,0.08609,0.08546,0.08608,44576796.0
2026-08-26 00:30:00,0.08609,0.08623,0.08571,0.08595,48336385.0
2026-08-26 00:45:00,0.08594,0.08636,0.08586,0.08612,38768552.0
2026-08-26 01:00:00,0.08611,0.08664,0.08606,0.08639,53307667.0
2026-08-26 01:15:00,0.0864,0.08652,0.08617,0.0862,34845931.0
2026-08-26 01:30:00,0.08621,0.08674,0.08619,0.08653,33601800.0
2026-08-26 01:45:00,0.08654,0.08654,0.08629,0.08646,23546246.0
2026-08-26 02:00:00,0.08646,0.08649,0.08606,0.08617,21238454.0
2026-08-26 02:15:00,0.08617,0.08692,0.08616,0.08689,43420357.0
2026-08-26 02:30:00,0.0869,0.08694,0.08675,0.08687,30847709.0
2026-08-26 02:45:00,0.08687,0.08691,0.08669,0.08676,27415735.0
2026-08-26 03:00:00,0.08676,0.08687,0.08658,0.08661,19263243.0
2026-08-26 03:15:00,0.08661,0.08678,0.08657,0.08664,14052616.0
2026-08-26 03:30:00,0.08664,0.08681,0.08643,0.08665,26292405.0
2026-08-26 03:45:00,0.08665,0.08675,0.08641,0.08662,26678867.0
2026-08-26 04:00:00,0.08662,0.08681,0.08636,0.08655,39186884.0
2026-08-26 04:15:00,0.08654,0.08687,0.08648,0.08674,26591893.0
2026-08-26 04:30:00,0.08675,0.08692,0.08655,0.08669,30604743.0
2026-08-26 04:45:00,0.0867,0.0867,0.0862,0.08628,43905965.0
2026-08-26 05:00:00,0.08629,0.08638,0.08596,0.08621,56477105.0
2026-08-26 05:15:00,0.08621,0.08666,0.08605,0.08664,40009587.0
2026-08-26 05:30:00,0.08663,0.08686,0.08655,0.08684,30856429.0
2026-08-26 05:45:00,0.08684,0.08684,0.08668,0.08677,15000677.0
2026-08-26 06:00:00,0.08677,0.08705,0.08667,0.0867,41202774.0
2026-08-26 06:15:00,0.08669,0.08677,0.08635,0.08644,31724807.0
2026-08-26 06:30:00,0.08644,0.08663,0.08626,0.08659,32879197.0
2026-08-26 06:45:00,0.08659,0.08681,0.08639,0.08665,46658011.0
2026-08-26 07:00:00,0.08665,0.08694,0.08653,0.08674,41531479.0
2026-08-26 07:15:00,0.08674,0.08689,0.08665,0.08668,26847559.0
2026-08-26 07:30:00,0.08668,0.08683,0.08654,0.08673,32584183.0
2026-08-26 07:45:00,0.08674,0.08685,0.0865,0.08659,28340897.0
2026-08-26 08:00:00,0.0866,0.08693,0.08643,0.08676,33274479.0
2026-08-26 08:15:00,0.08677,0.08691,0.08655,0.08668,17710867.0
2026-08-26 08:30:00,0.08669,0.08677,0.08656,0.08675,12628252.0
2026-08-26 08:45:00,0.08675,0.08676,0.08621,0.08637,37980654.0
2026-08-26 09:00:00,0.08638,0.08657,0.08631,0.08646,22143638.0
2026-08-26 09:15:00,0.08646,0.08646,0.08593,0.08602,64606665.0
2026-08-26 09:30:00,0.08602,0.08618,0.08569,0.0857,56255416.0
2026-08-26 09:45:00,0.0857,0.08604,0.08541,0.08593,54462348.0
2026-08-26 10:00:00,0.08592,0.08599,0.08574,0.08597,28403392.0
2026-08-26 10:15:00,0.08596,0.08652,0.08595,0.08649,46109522.0
2026-08-26 10:30:00,0.08649,0.08688,0.08633,0.08678,100911168.0
2026-08-26 10:45:00,0.08678,0.08708,0.08673,0.08681,60564504.0
2026-08-26 11:00:00,0.08681,0.08699,0.08674,0.08697,35872743.0
2026-08-26 11:15:00,0.08697,0.08705,0.08663,0.0867,37813535.0
2026-08-26 11:30:00,0.0867,0.08671,0.08609,0.08627,57883832.0
2026-08-26 11:45:00,0.08626,0.08645,0.0861,0.08632,36276943.0
2026-08-26 12:00:00,0.08632,0.0865,0.0862,0.08624,34009654.0
2026-08-26 12:15:00,0.08623,0.08695,0.08619,0.08692,34203417.0
2026-08-26 12:30:00,0.08692,0.08694,0.08563,0.08613,219608183.0
2026-08-26 12:45:00,0.08613,0.08652,0.08612,0.08632,55261967.0
2026-08-26 13:00:00,0.08632,0.08651,0.08568,0.08578,103855497.0
2026-08-26 13:15:00,0.08579,0.08585,0.08514,0.08535,132396777.0
2026-08-26 13:30:00,0.08536,0.08608,0.08534,0.08599,92578988.0
2026-08-26 13:45:00,0.08598,0.08614,0.08544,0.08591,48985970.0
2026-08-26 14:00:00,0.08591,0.08615,0.08563,0.0858,42014489.0
2026-08-26 14:15:00,0.0858,0.08609,0.08511,0.08519,71462965.0
2026-08-26 14:30:00,0.08518,0.08538,0.08456,0.08487,129221111.0
2026-08-26 14:45:00,0.08487,0.08495,0.08424,0.08439,127958649.0
2026-08-26 15:00:00,0.08439,0.0846,0.08369,0.08413,196684313.0
2026-08-26 15:15:00,0.08413,0.08471,0.08393,0.08468,69565134.0
2026-08-26 15:30:00,0.08467,0.08471,0.08425,0.08448,41333705.0
2026-08-26 15:45:00,0.08448,0.08472,0.08441,0.08447,25537791.0
2026-08-26 16:00:00,0.08447,0.08471,0.08424,0.08425,44076426.0
2026-08-26 16:15:00,0.08424,0.08446,0.08385,0.08409,78107328.0
2026-08-26 16:30:00,0.0841,0.08442,0.08381,0.08386,57356213.0
2026-08-26 16:45:00,0.08386,0.08439,0.08386,0.08428,37324600.0
2026-08-26 17:00:00,0.08427,0.08452,0.08424,0.08447,28368503.0
2026-08-26 17:15:00,0.08447,0.08523,0.08443,0.08518,66365541.0
2026-08-26 17:30:00,0.08517,0.0854,0.08505,0.08506,65625110.0
2026-08-26 17:45:00,0.08506,0.08508,0.08477,0.08494,36123103.0
2026-08-26 18:00:00,0.08495,0.085,0.08463,0.08474,42913942.0
2026-08-26 18:15:00,0.08473,0.08504,0.08459,0.08483,39711663.0
2026-08-26 18:30:00,0.08483,0.08508,0.0847,0.08486,40353732.0
2026-08-26 18:45:00,0.08486,0.08521,0.08484,0.08506,23029147.0
2026-08-26 19:00:00,0.08506,0.08516,0.08483,0.08489,28483129.0
2026-08-26 19:15:00,0.08488,0.0854,0.08485,0.0853,22053714.0
2026-08-26 19:30:00,0.08531,0.08539,0.0849,0.08495,24872924.0
2026-08-26 19:45:00,0.08494,0.085,0.08481,0.08482,23051929.0
2026-08-26 20:00:00,0.08482,0.08503,0.0847,0.08488,26396453.0
2026-08-26 20:15:00,0.08489,0.08497,0.08437,0.08491,56355969.0
2026-08-26 20:30:00,0.08491,0.08504,0.08471,0.08496,10811416.0
2026-08-26 20:45:00,0.08496,0.08526,0.08495,0.08525,11784060.0
2026-08-26 21:00:00,0.08526,0.08594,0.08522,0.08581,54414657.0
2026-08-26 21:15:00,0.08582,0.08617,0.08573,0.0861,79663283.0
2026-08-26 21:30:00,0.08609,0.08619,0.08587,0.086,32222933.0
2026-08-26 21:45:00,0.086,0.08641,0.0859,0.08625,52003311.0
2026-08-26 22:00:00,0.08625,0.08661,0.08609,0.08642,46700371.0
2026-08-26 22:15:00,0.08643,0.08716,0.08639,0.08689,111454010.0
2026-08-26 22:30:00,0.08689,0.087,0.08643,0.08667,92127283.0
2026-08-26 22:45:00,0.08668,0.08669,0.08633,0.08648,29027306.0
2026-08-26 23:00:00,0.08648,0.08662,0.08635,0.08646,26637407.0
2026-08-26 23:15:00,0.08646,0.08725,0.08642,0.08705,100033707.0
2026-08-26 23:30:00,0.08705,0.08751,0.08703,0.08743,70420644.0
2026-08-26 23:45:00,0.08743,0.08781,0.08739,0.08764,76853159.0
2026-08-27 00:00:00,0.08764,0.08765,0.08712,0.08719,60551684.0
2026-08-27 00:15:00,0.08719,0.08734,0.08689,0.08707,48642202.0
2026-08-27 00:30:00,0.08707,0.08711,0.08677,0.08684,52133557.0
2026-08-27 00:45:00,0.08684,0.08688,0.08651,0.08653,60175899.0
2026-08-27 01:00:00,0.08652,0.08662,0.08623,0.08628,53890720.0
2026-08-27 01:15:00,0.08628,0.08773,0.08622,0.08722,200272741.0
2026-08-27 01:30:00,0.08722,0.08732,0.08679,0.0868,56957494.0
2026-08-27 01:45:00,0.0868,0.08739,0.08679,0.08704,42699221.0
2026-08-27 02:00:00,0.08704,0.08745,0.087,0.08718,40241999.0
2026-08-27 02:15:00,0.08719,0.08722,0.08685,0.08686,20831963.0
2026-08-27 02:30:00,0.08687,0.08704,0.08669,0.08671,19139001.0
2026-08-27 02:45:00,0.08671,0.08692,0.08669,0.08682,20714637.0
2026-08-27 03:00:00,0.08683,0.08704,0.08663,0.08668,26284263.0
2026-08-27 03:15:00,0.08667,0.08717,0.08661,0.08701,26283327.0
2026-08-27 03:30:00,0.08701,0.08704,0.08682,0.08683,11688464.0
2026-08-27 03:45:00,0.08683,0.08694,0.08667,0.08679,17529551.0
2026-08-27 04:00:00,0.08678,0.08697,0.08674,0.08691,13710355.0
2026-08-27 04:15:00,0.08691,0.08706,0.08684,0.08684,16218702.0
2026-08-27 04:30:00,0.08683,0.08684,0.08646,0.08679,34252994.0
2026-08-27 04:45:00,0.08678,0.08682,0.08648,0.08666,17188600.0
2026-08-27 05:00:00,0.08666,0.08672,0.08639,0.08653,28750246.0
2026-08-27 05:15:00,0.08653,0.08675,0.08633,0.08647,20278795.0
2026-08-27 05:30:00,0.08646,0.08672,0.08616,0.08651,35640679.0
2026-08-27 05:45:00,0.08651,0.08709,0.08649,0.08697,45076946.0
2026-08-27 06:00:00,0.08697,0.08697,0.0864,0.08654,36682324.0
2026-08-27 06:15:00,0.08654,0.08676,0.08642,0.08668,31362710.0
2026-08-27 06:30:00,0.08668,0.08694,0.08667,0.08685,24306681.0
2026-08-27 06:45:00,0.08684,0.08701,0.08683,0.08696,24325812.0
2026-08-27 07:00:00,0.08696,0.08705,0.08686,0.08698,19274894.0
2026-08-27 07:15:00,0.08698,0.08699,0.0868,0.0869,15632315.0
2026-08-27 07:30:00,0.0869,0.087,0.08682,0.08691,23553540.0
2026-08-27 07:45:00,0.0869,0.08715,0.0869,0.0871,21728808.0
2026-08-27 08:00:00,0.0871,0.08877,0.08707,0.08825,212388171.0
2026-08-27 08:15:00,0.08825,0.08876,0.0879,0.08872,88168859.0
2026-08-27 08:30:00,0.08873,0.08898,0.08846,0.08893,100315489.0
2026-08-27 08:45:00,0.08894,0.08993,0.08883,0.08915,274657168.0
2026-08-27 09:00:00,0.08915,0.08949,0.08881,0.08942,93651399.0
2026-08-27 09:15:00,0.08942,0.09003,0.08913,0.08965,113165430.0
2026-08-27 09:30:00,0.08965,0.08966,0.08897,0.08919,63656226.0
2026-08-27 09:45:00,0.08918,0.0893,0.08865,0.08883,53944264.0
2026-08-27 10:00:00,0.08883,0.08919,0.08834,0.08859,93615048.0
2026-08-27 10:15:00,0.08859,0.08877,0.08755,0.08811,183245367.0
2026-08-27 10:30:00,0.08812,0.08817,0.08765,0.08806,80354487.0
2026-08-27 10:45:00,0.08807,0.08829,0.08792,0.08826,44029213.0
2026-08-27 11:00:00,0.08826,0.08865,0.08815,0.08863,59356012.0
2026-08-27 11:15:00,0.08862,0.08872,0.08814,0.0882,43920839.0
2026-08-27 11:30:00,0.08819,0.0885,0.08806,0.08833,30824222.0
2026-08-27 11:45:00,0.08834,0.08834,0.0878,0.08827,31591834.0
2026-08-27 12:00:00,0.08826,0.08855,0.08825,0.08849,22839921.0
2026-08-27 12:15:00,0.08849,0.0886,0.08834,0.0885,17705502.0
2026-08-27 12:30:00,0.0885,0.08862,0.08708,0.08749,270776895.0
2026-08-27 12:45:00,0.08749,0.08782,0.08747,0.08759,40669166.0
2026-08-27 13:00:00,0.08758,0.0879,0.08758,0.08777,27510602.0
2026-08-27 13:15:00,0.08778,0.08808,0.08775,0.08799,38511480.0
2026-08-27 13:30:00,0.08799,0.08804,0.08744,0.08764,63882354.0
2026-08-27 13:45:00,0.08763,0.08811,0.08714,0.08808,99387543.0
2026-08-27 14:00:00,0.08809,0.0886,0.08783,0.08797,70003532.0
2026-08-27 14:15:00,0.08798,0.08875,0.08785,0.08863,46502033.0
2026-08-27 14:30:00,0.08863,0.08938,0.08845,0.08928,87216810.0
2026-08-27 14:45:00,0.08928,0.08934,0.08869,0.08895,73768018.0
2026-08-27 15:00:00,0.08896,0.08972,0.08878,0.08945,75426472.0
2026-08-27 15:15:00,0.08944,0.08945,0.08901,0.08922,70808049.0
2026-08-27 15:30:00,0.08923,0.08925,0.08861,0.08906,85368744.0
2026-08-27 15:45:00,0.08907,0.0891,0.08861,0.08865,80402941.0
2026-08-27 16:00:00,0.08864,0.08916,0.08856,0.08897,69691634.0
2026-08-27 16:15:00,0.08896,0.08955,0.08895,0.08919,71442715.0
2026-08-27 16:30:00,0.08919,0.08973,0.08899,0.08965,68613535.0
2026-08-27 16:45:00,0.08965,0.0897,0.08918,0.08921,45220320.0
2026-08-27 17:00:00,0.08922,0.08981,0.08892,0.0897,54740661.0
2026-08-27 17:15:00,0.0897,0.08994,0.08945,0.0895,54500375.0
2026-08-27 17:30:00,0.08949,0.08955,0.08895,0.08896,43139748.0
2026-08-27 17:45:00,0.08896,0.08924,0.08884,0.08906,35348992.0
2026-08-27 18:00:00,0.08906,0.08913,0.08817,0.0884,83988938.0
2026-08-27 18:15:00,0.0884,0.0886,0.08789,0.08803,72357403.0
2026-08-27 18:30:00,0.08803,0.08835,0.08798,0.08829,35221279.0
2026-08-27 18:45:00,0.08828,0.08872,0.08816,0.08871,29476675.0
2026-08-27 19:00:00,0.08872,0.08894,0.08865,0.0888,25408957.0
2026-08-27 19:15:00,0.0888,0.08887,0.08853,0.08873,22874392.0
2026-08-27 19:30:00,0.08873,0.08887,0.08844,0.08848,18515291.0
2026-08-27 19:45:00,0.08849,0.08872,0.0884,0.08862,26477581.0
2026-08-27 20:00:00,0.08862,0.08863,0.08827,0.08834,23696975.0
2026-08-27 20:15:00,0.08834,0.08877,0.08834,0.08847,21385482.0
2026-08-27 20:30:00,0.08847,0.08861,0.08839,0.08855,12416852.0
2026-08-27 20:45:00,0.08855,0.08875,0.08834,0.08869,21227281.0
2026-08-27 21:00:00,0.0887,0.08886,0.08855,0.08866,26521585.0
2026-08-27 21:15:00,0.08866,0.08875,0.0884,0.08841,23738610.0
2026-08-27 21:30:00,0.08841,0.08861,0.08821,0.08836,27295305.0
2026-08-27 21:45:00,0.08837,0.08875,0.08834,0.08873,20289754.0
2026-08-27 22:00:00,0.08873,0.08919,0.08871,0.08902,46595160.0
2026-08-27 22:15:00,0.08902,0.0894,0.08884,0.08897,49578482.0
2026-08-27 22:30:00,0.08897,0.08911,0.08891,0.08905,16668209.0
2026-08-27 22:45:00,0.08905,0.08905,0.08892,0.08904,12139398.0
2026-08-27 23:00:00,0.08904,0.0891,0.0888,0.08883,22053128.0
2026-08-27 23:15:00,0.08884,0.08927,0.08875,0.08924,31618334.0
2026-08-27 23:30:00,0.08924,0.08929,0.08905,0.08905,15484074.0
2026-08-27 23:45:00,0.08905,0.08921,0.08898,0.0891,19346933.0
2026-08-28 00:00:00,0.08909,0.08912,0.08836,0.08851,111374060.0
2026-08-28 00:15:00,0.08851,0.08899,0.08851,0.08899,35185928.0
2026-08-28 00:30:00,0.08899,0.08924,0.08888,0.08908,33032073.0
2026-08-28 00:45:00,0.08907,0.0892,0.08895,0.08898,17762892.0
2026-08-28 01:00:00,0.08898,0.08939,0.08897,0.0893,46975819.0
2026-08-28 01:15:00,0.08929,0.08998,0.08923,0.08989,67381760.0
2026-08-28 01:30:00,0.0899,0.09028,0.08939,0.08948,84504283.0
2026-08-28 01:45:00,0.08947,0.08949,0.08893,0.08908,65272128.0
2026-08-28 02:00:00,0.08907,0.08908,0.0885,0.08852,54045814.0
2026-08-28 02:15:00,0.08852,0.08869,0.08797,0.08799,122810409.0
2026-08-28 02:30:00,0.08798,0.08821,0.08752,0.08804,91121543.0
2026-08-28 02:45:00,0.08804,0.08804,0.0873,0.08783,95050268.0
2026-08-28 03:00:00,0.08784,0.08784,0.08726,0.08751,73595237.0
2026-08-28 03:15:00,0.08752,0.08805,0.08752,0.0879,36090773.0
2026-08-28 03:30:00,0.0879,0.08802,0.08768,0.0877,39031170.0
2026-08-28 03:45:00,0.0877,0.08783,0.08763,0.08772,20809347.0
2026-08-28 04:00:00,0.08772,0.08787,0.0872,0.08785,65043172.0
2026-08-28 04:15:00,0.08785,0.08819,0.08781,0.08785,35275770.0
2026-08-28 04:30:00,0.08785,0.0879,0.0874,0.08752,71357254.0
2026-08-28 04:45:00,0.08752,0.08772,0.08744,0.08758,26429064.0
2026-08-28 05:00:00,0.08758,0.08768,0.0874,0.08755,19800192.0
2026-08-28 05:15:00,0.08756,0.08759,0.08733,0.08758,16599824.0
2026-08-28 05:30:00,0.08759,0.08793,0.08758,0.08779,30259665.0
2026-08-28 05:45:00,0.08779,0.08796,0.08762,0.0877,28196033.0
2026-08-28 06:00:00,0.0877,0.08811,0.0877,0.08807,57747670.0
2026-08-28 06:15:00,0.08807,0.0881,0.08797,0.08799,17245964.0
2026-08-28 06:30:00,0.08798,0.08822,0.08795,0.08808,24576137.0
2026-08-28 06:45:00,0.08808,0.08829,0.08807,0.08815,23914293.0
2026-08-28 07:00:00,0.08815,0.08819,0.08747,0.0876,88605370.0
2026-08-28 07:15:00,0.0876,0.08777,0.08759,0.08763,17285256.0
2026-08-28 07:30:00,0.08763,0.08766,0.08747,0.08749,37291344.0
2026-08-28 07:45:00,0.08749,0.08762,0.08745,0.08748,14811882.0
2026-08-28 08:00:00,0.08749,0.08776,0.08748,0.08754,22890701.0
2026-08-28 08:15:00,0.08753,0.08775,0.08753,0.08759,28803105.0
2026-08-28 08:30:00,0.0876,0.08776,0.08758,0.08758,59721768.0
2026-08-28 08:45:00,0.08759,0.08762,0.08724,0.08744,34183105.0
