ts,open,high,low,close,volume,date
1754006400000,0.002506,0.002978,0.002421,0.002564,108529826000.0,2025-08-01
1754092800000,0.002564,0.00278,0.002479,0.002776,59618666000.0,2025-08-02
1754179200000,0.002776,0.003077,0.002715,0.00292,61939792000.0,2025-08-03
1754265600000,0.00292,0.003188,0.002752,0.003113,68341351000.0,2025-08-04
1754352000000,0.003112,0.003423,0.003035,0.003249,86677083000.0,2025-08-05
1754438400000,0.003248,0.003539,0.003162,0.003416,69508678000.0,2025-08-06
1754524800000,0.003416,0.003587,0.003208,0.003573,57353384000.0,2025-08-07
1754611200000,0.003573,0.003577,0.003229,0.003379,42056717000.0,2025-08-08
1754697600000,0.003379,0.003463,0.003086,0.003143,32865317000.0,2025-08-09
1754784000000,0.003143,0.003239,0.003022,0.003114,25747540000.0,2025-08-10
1754870400000,0.003114,0.003778,0.003093,0.003436,79673551000.0,2025-08-11
1754956800000,0.003436,0.004164,0.003406,0.004009,67135080000.0,2025-08-12
1755043200000,0.00401,0.004173,0.003793,0.003952,52885802000.0,2025-08-13
1755129600000,0.003951,0.004099,0.003462,0.003596,50745850000.0,2025-08-14
1755216000000,0.003596,0.003836,0.003309,0.00348,39931026000.0,2025-08-15
1755302400000,0.00348,0.003542,0.003331,0.003478,16405597000.0,2025-08-16
1755388800000,0.003479,0.003755,0.003373,0.003641,25275584000.0,2025-08-17
1755475200000,0.003642,0.003682,0.003057,0.003121,40887581000.0,2025-08-18
1755561600000,0.003121,0.003189,0.002751,0.002815,47771533000.0,2025-08-19
1755648000000,0.002816,0.003235,0.002788,0.003131,45269203000.0,2025-08-20
1755734400000,0.003131,0.003169,0.002771,0.002812,34311294000.0,2025-08-21
1755820800000,0.002811,0.003259,0.002647,0.003209,46095212000.0,2025-08-22
1755907200000,0.003208,0.003267,0.003103,0.003144,25472185000.0,2025-08-23
1755993600000,0.003144,0.003224,0.002898,0.002914,38862741000.0,2025-08-24
1756080000000,0.002914,0.002943,0.002613,0.002631,33067853000.0,2025-08-25
1756166400000,0.002631,0.00303,0.002625,0.002873,24684862000.0,2025-08-26
1756252800000,0.002873,0.003152,0.002863,0.003008,30741564000.0,2025-08-27
1756339200000,0.003007,0.003554,0.002944,0.003503,29663818000.0,2025-08-28
1756425600000,0.003502,0.003571,0.003238,0.003507,60565463000.0,2025-08-29
1756512000000,0.003508,0.003716,0.003349,0.003445,34646677000.0,2025-08-30
1756598400000,0.003445,0.003536,0.003289,0.003359,26925739000.0,2025-08-31
1756684800000,0.00336,0.003703,0.003238,0.003409,46071644000.0,2025-09-01
1756771200000,0.003409,0.003929,0.003359,0.003895,74354746000.0,2025-09-02
1756857600000,0.003895,0.004145,0.003722,0.004063,48281554000.0,2025-09-03
1756944000000,0.004063,0.004521,0.003965,0.004271,84339522000.0,2025-09-04
1757030400000,0.004271,0.004874,0.004196,0.004629,74087416000.0,2025-09-05
1757116800000,0.00463,0.00498,0.004474,0.004519,56919921000.0,2025-09-06
1757203200000,0.00452,0.004994,0.004404,0.004848,42335152000.0,2025-09-07
1757289600000,0.004847,0.00503,0.004634,0.004728,45435382000.0,2025-09-08
1757376000000,0.004728,0.004943,0.004604,0.004767,34749018000.0,2025-09-09
1757462400000,0.004768,0.005761,0.004762,0.00563,97803127000.0,2025-09-10
1757548800000,0.005629,0.006481,0.005256,0.005894,116674581000.0,2025-09-11
1757635200000,0.005894,0.006363,0.00578,0.006217,81172776000.0,2025-09-12
1757721600000,0.006217,0.007717,0.00612,0.007477,83883347000.0,2025-09-13
1757808000000,0.007477,0.009,0.007378,0.008014,193516491000.0,2025-09-14
1757894400000,0.008013,0.00873,0.007491,0.008619,168772197000.0,2025-09-15
1757980800000,0.008618,0.0087,0.00779,0.007805,99828315000.0,2025-09-16
1758067200000,0.007805,0.008376,0.007492,0.008181,120204152000.0,2025-09-17
1758153600000,0.008181,0.008762,0.007676,0.007822,79078959000.0,2025-09-18
1758240000000,0.007823,0.007856,0.006932,0.007165,77940040000.0,2025-09-19
1758326400000,0.007164,0.007476,0.006675,0.006985,71767151000.0,2025-09-20
1758412800000,0.006986,0.007617,0.006504,0.006538,74438609000.0,2025-09-21
1758499200000,0.006539,0.006587,0.005429,0.005708,103464321000.0,2025-09-22
1758585600000,0.005708,0.006119,0.005359,0.005834,81054819000.0,2025-09-23
1758672000000,0.005833,0.006186,0.005443,0.005633,72865508000.0,2025-09-24
1758758400000,0.005634,0.005678,0.004953,0.005016,99682207000.0,2025-09-25
1758844800000,0.005016,0.005404,0.004842,0.005272,63898426000.0,2025-09-26
1758931200000,0.005271,0.00534,0.004918,0.00517,43563098000.0,2025-09-27
1759017600000,0.005171,0.006096,0.004958,0.005987,72330403000.0,2025-09-28
1759104000000,0.005986,0.005991,0.0054,0.005754,66186158000.0,2025-09-29
1759190400000,0.005754,0.006285,0.005216,0.005944,75275660000.0,2025-09-30
1759276800000,0.005946,0.007186,0.005848,0.007008,128756516000.0,2025-10-01
1759363200000,0.007009,0.007352,0.006662,0.007086,82108499000.0,2025-10-02
1759449600000,0.007086,0.007532,0.006742,0.006885,73534768000.0,2025-10-03
1759536000000,0.006886,0.007043,0.006331,0.006663,50042193000.0,2025-10-04
1759622400000,0.006665,0.007164,0.006342,0.006414,66457203000.0,2025-10-05
1759708800000,0.006414,0.006626,0.006148,0.006191,56811114000.0,2025-10-06
1759795200000,0.006191,0.006684,0.006066,0.006432,65342289000.0,2025-10-07
1759881600000,0.006433,0.006487,0.005809,0.00616,52796379000.0,2025-10-08
1759968000000,0.006161,0.006167,0.005264,0.005531,62089263000.0,2025-10-09
1760054400000,0.005531,0.005607,0.0015,0.004055,129335817000.0,2025-10-10
1760140800000,0.004056,0.00426,0.003603,0.003764,88516753000.0,2025-10-11
1760227200000,0.003765,0.004565,0.003628,0.00432,92998087000.0,2025-10-12
1760313600000,0.004319,0.004382,0.003954,0.004333,69242482000.0,2025-10-13
1760400000000,0.004333,0.004365,0.003665,0.004095,81835622000.0,2025-10-14
1760486400000,0.004094,0.004175,0.003748,0.00383,55966175000.0,2025-10-15
1760572800000,0.003829,0.003901,0.003385,0.003464,80190423000.0,2025-10-16
1760659200000,0.003465,0.003644,0.003205,0.003521,72884086000.0,2025-10-17
1760745600000,0.003522,0.004034,0.003488,0.003963,67927751000.0,2025-10-18
1760832000000,0.003963,0.004093,0.003788,0.003915,84058273000.0,2025-10-19
1760918400000,0.003915,0.004205,0.003759,0.003871,69231306000.0,2025-10-20
1761004800000,0.003871,0.004153,0.003651,0.003699,73971048000.0,2025-10-21
1761091200000,0.0037,0.003827,0.003413,0.003461,63216799000.0,2025-10-22
1761177600000,0.003462,0.003932,0.003446,0.003808,57898443000.0,2025-10-23
1761264000000,0.003808,0.004303,0.003747,0.004159,61405276000.0,2025-10-24
1761350400000,0.004159,0.004249,0.004002,0.004138,32461185000.0,2025-10-25
1761436800000,0.004139,0.004809,0.004074,0.004789,79395565000.0,2025-10-26
1761523200000,0.004788,0.005083,0.004527,0.00478,77161017000.0,2025-10-27
1761609600000,0.00478,0.005195,0.004446,0.00462,89941600000.0,2025-10-28
1761696000000,0.004619,0.005478,0.004546,0.005222,89553839000.0,2025-10-29
1761782400000,0.005222,0.005408,0.004119,0.00441,114155664000.0,2025-10-30
1761868800000,0.00441,0.004768,0.004154,0.004609,80598923000.0,2025-10-31
1761955200000,0.00461,0.004751,0.004412,0.004656,50354499000.0,2025-11-01
1762041600000,0.004656,0.004822,0.004207,0.004353,57074224000.0,2025-11-02
1762128000000,0.004353,0.004371,0.003576,0.003872,91562223000.0,2025-11-03
1762214400000,0.003872,0.004007,0.003407,0.003751,91441919000.0,2025-11-04
1762300800000,0.003752,0.004323,0.003555,0.004149,56238479000.0,2025-11-05
1762387200000,0.004149,0.004166,0.003648,0.003698,45484949000.0,2025-11-06
1762473600000,0.003698,0.00431,0.003608,0.004181,58256917000.0,2025-11-07
1762560000000,0.004181,0.00421,0.003655,0.003774,34684152000.0,2025-11-08
1762646400000,0.003775,0.004225,0.003674,0.004118,36699875000.0,2025-11-09
1762732800000,0.004119,0.004647,0.004083,0.004503,63792930000.0,2025-11-10
1762819200000,0.004504,0.004843,0.004085,0.0041,64220697000.0,2025-11-11
1762905600000,0.004101,0.004557,0.003875,0.003919,63556591000.0,2025-11-12
1762992000000,0.003918,0.004046,0.003502,0.003625,57664485000.0,2025-11-13
1763078400000,0.003626,0.003765,0.003433,0.003473,51788274000.0,2025-11-14
1763164800000,0.003474,0.00369,0.003467,0.003587,24470996000.0,2025-11-15
1763251200000,0.003587,0.003687,0.003271,0.003419,42304637000.0,2025-11-16
1763337600000,0.003419,0.003481,0.002855,0.002889,63937155000.0,2025-11-17
1763424000000,0.002889,0.003203,0.00276,0.003121,51640132000.0,2025-11-18
1763510400000,0.003121,0.003225,0.002877,0.003198,43793411000.0,2025-11-19
1763596800000,0.003199,0.0034,0.00283,0.00295,47985537000.0,2025-11-20
1763683200000,0.00295,0.003016,0.00248,0.002739,67011189000.0,2025-11-21
1763769600000,0.00274,0.002781,0.002601,0.002659,24901272000.0,2025-11-22
1763856000000,0.002659,0.002763,0.002469,0.002525,39737760000.0,2025-11-23
1763942400000,0.002526,0.00285,0.002504,0.002813,45637652000.0,2025-11-24
1764028800000,0.002812,0.002847,0.002675,0.002782,33696245000.0,2025-11-25
1764115200000,0.002781,0.002978,0.002703,0.002925,38570444000.0,2025-11-26
1764201600000,0.002926,0.003046,0.002877,0.002917,27423704000.0,2025-11-27
1764288000000,0.002917,0.003149,0.002857,0.00292,36601916000.0,2025-11-28
1764374400000,0.00292,0.00294,0.002824,0.002886,20442911000.0,2025-11-29
1764460800000,0.002886,0.003161,0.002836,0.002945,34761919000.0,2025-11-30
1764547200000,0.002944,0.002953,0.002561,0.002785,58586943000.0,2025-12-01
1764633600000,0.002785,0.003355,0.002776,0.003262,57429000000.0,2025-12-02
1764720000000,0.003263,0.0034,0.003085,0.003164,38051287000.0,2025-12-03
1764806400000,0.003164,0.003307,0.003053,0.003116,32601278000.0,2025-12-04
1764892800000,0.003116,0.003149,0.002824,0.002837,29305680000.0,2025-12-05
1764979200000,0.002837,0.003127,0.002812,0.002981,25811410000.0,2025-12-06
1765065600000,0.002981,0.003107,0.002837,0.002911,27735368000.0,2025-12-07
1765152000000,0.002912,0.003162,0.002886,0.003052,27910081000.0,2025-12-08
1765238400000,0.003052,0.003236,0.002919,0.003065,27549010000.0,2025-12-09
1765324800000,0.003065,0.0031,0.002858,0.002868,26816592000.0,2025-12-10
1765411200000,0.002868,0.002911,0.002727,0.002856,20524848000.0,2025-12-11
1765497600000,0.002856,0.00292,0.002707,0.00276,16634596000.0,2025-12-12
1765584000000,0.002761,0.002815,0.002739,0.002792,9095759000.0,2025-12-13
1765670400000,0.002793,0.002839,0.002599,0.002643,15976180000.0,2025-12-14
1765756800000,0.002642,0.00275,0.00245,0.002517,25165416000.0,2025-12-15
1765843200000,0.002517,0.002519,0.002278,0.002341,26540396000.0,2025-12-16
1765929600000,0.002341,0.002354,0.002061,0.00209,37392085000.0,2025-12-17
1766016000000,0.00209,0.0021,0.001828,0.001859,49463356000.0,2025-12-18
1766102400000,0.00186,0.002019,0.001809,0.001987,42171162000.0,2025-12-19
1766188800000,0.001988,0.002032,0.001941,0.001966,19312424000.0,2025-12-20
1766275200000,0.001965,0.002002,0.001877,0.001972,19118878000.0,2025-12-21
1766361600000,0.001972,0.002036,0.001899,0.001911,26969184000.0,2025-12-22
1766448000000,0.001912,0.001927,0.001696,0.001731,42266024000.0,2025-12-23
1766534400000,0.001731,0.001791,0.001676,0.00174,24737545000.0,2025-12-24
1766620800000,0.001741,0.001873,0.001724,0.001732,29881620000.0,2025-12-25
1766707200000,0.001731,0.001831,0.001721,0.001804,28606363000.0,2025-12-26
1766793600000,0.001805,0.001879,0.001797,0.001874,15729402000.0,2025-12-27
1766880000000,0.001874,0.001908,0.001837,0.00188,13435768000.0,2025-12-28
1766966400000,0.00188,0.001922,0.001751,0.001807,28194720000.0,2025-12-29
1767052800000,0.001807,0.001848,0.001773,0.001843,16430971000.0,2025-12-30
1767139200000,0.001843,0.001971,0.001823,0.001913,38201499000.0,2025-12-31
1767225600000,0.001913,0.002142,0.001907,0.002108,37800692000.0,2026-01-01
1767312000000,0.002109,0.002343,0.002081,0.002272,51950239000.0,2026-01-02
1767398400000,0.002272,0.002381,0.002173,0.002326,36235790000.0,2026-01-03
1767484800000,0.002326,0.002406,0.002253,0.002352,32588293000.0,2026-01-04
1767571200000,0.002352,0.002568,0.002202,0.002501,44324280000.0,2026-01-05
1767657600000,0.002501,0.002719,0.00233,0.002649,44938903000.0,2026-01-06
1767744000000,0.00265,0.00266,0.002293,0.002352,39240508000.0,2026-01-07
1767830400000,0.002353,0.002377,0.002052,0.002182,54360858000.0,2026-01-08
1767916800000,0.002183,0.002522,0.002122,0.002349,95686578000.0,2026-01-09
1768003200000,0.002349,0.002453,0.002217,0.002286,58079155000.0,2026-01-10
1768089600000,0.002287,0.002519,0.00228,0.002397,49794204000.0,2026-01-11
1768176000000,0.002396,0.00265,0.002313,0.002437,69789520000.0,2026-01-12
1768262400000,0.002437,0.00276,0.002401,0.002662,81632674000.0,2026-01-13
1768348800000,0.002662,0.003028,0.002649,0.002815,82506485000.0,2026-01-14
1768435200000,0.002815,0.002979,0.002614,0.002719,79702196000.0,2026-01-15
1768521600000,0.002719,0.003046,0.002709,0.002951,70419596000.0,2026-01-16
1768608000000,0.002951,0.003097,0.002766,0.002801,58004433000.0,2026-01-17
1768694400000,0.002801,0.002838,0.002583,0.002593,42206256000.0,2026-01-18
1768780800000,0.002593,0.002673,0.002236,0.002638,65740965000.0,2026-01-19
1768867200000,0.002639,0.002644,0.00237,0.002402,80903714000.0,2026-01-20
1768953600000,0.002401,0.002769,0.002376,0.002646,81292441000.0,2026-01-21
1769040000000,0.002646,0.002691,0.002439,0.002466,55405414000.0,2026-01-22
1769126400000,0.002467,0.002542,0.002356,0.002395,61747773000.0,2026-01-23
1769212800000,0.002396,0.002809,0.002363,0.002735,50553103000.0,2026-01-24
1769299200000,0.002736,0.002779,0.002322,0.002464,62677761000.0,2026-01-25
1769385600000,0.002464,0.002788,0.002451,0.002708,50248041000.0,2026-01-26
1769472000000,0.002707,0.003245,0.002664,0.003171,114541620000.0,2026-01-27
1769558400000,0.00317,0.003359,0.00304,0.003064,70820118000.0,2026-01-28
1769644800000,0.003064,0.003073,0.002773,0.002825,54117850000.0,2026-01-29
1769731200000,0.002825,0.002934,0.002656,0.002814,51329831000.0,2026-01-30
1769817600000,0.002815,0.002869,0.002342,0.00269,70333654000.0,2026-01-31
1769904000000,0.002689,0.002728,0.002468,0.002555,39234511000.0,2026-02-01
1769990400000,0.002555,0.002647,0.002348,0.002402,50163648000.0,2026-02-02
1770076800000,0.002403,0.002586,0.002277,0.002407,56257332000.0,2026-02-03
1770163200000,0.002407,0.002448,0.002225,0.002267,38659360000.0,2026-02-04
1770249600000,0.002266,0.002319,0.001921,0.001929,67977756000.0,2026-02-05
1770336000000,0.001929,0.0022,0.001661,0.002112,90873725000.0,2026-02-06
1770422400000,0.002112,0.002127,0.001977,0.002094,38467526000.0,2026-02-07
1770508800000,0.002095,0.002198,0.002064,0.002086,26621825000.0,2026-02-08
1770595200000,0.002087,0.002161,0.001976,0.002001,25368245000.0,2026-02-09
1770681600000,0.002,0.002016,0.001888,0.001913,25412970000.0,2026-02-10
1770768000000,0.001912,0.001943,0.001813,0.001842,26495118000.0,2026-02-11
1770854400000,0.001843,0.002012,0.001842,0.001921,27862081000.0,2026-02-12
1770940800000,0.001921,0.002164,0.001881,0.002084,31155438000.0,2026-02-13
1771027200000,0.002084,0.002371,0.002076,0.002333,27591847000.0,2026-02-14
1771113600000,0.002332,0.002387,0.002166,0.002202,25576398000.0,2026-02-15
1771200000000,0.002203,0.002292,0.002149,0.002215,17860589000.0,2026-02-16
1771286400000,0.002216,0.00229,0.002116,0.002201,24980739000.0,2026-02-17
1771372800000,0.002202,0.002238,0.001982,0.002012,27078622000.0,2026-02-18
1771459200000,0.002013,0.002079,0.001962,0.002066,17816030000.0,2026-02-19
1771545600000,0.002067,0.002151,0.002046,0.002106,17451261000.0,2026-02-20
1771632000000,0.002106,0.002147,0.002075,0.002116,9732442000.0,2026-02-21
1771718400000,0.002116,0.002121,0.002004,0.002019,9799568000.0,2026-02-22
1771804800000,0.00202,0.002021,0.001787,0.001791,28556067000.0,2026-02-23
1771891200000,0.00179,0.001829,0.00167,0.001693,29215668000.0,2026-02-24
1771977600000,0.001693,0.001985,0.001686,0.00188,45980023000.0,2026-02-25
1772064000000,0.001879,0.001922,0.001725,0.001801,41387333000.0,2026-02-26
1772150400000,0.001802,0.001969,0.001747,0.001791,43668289000.0,2026-02-27
1772236800000,0.001791,0.001934,0.001703,0.001921,43276095000.0,2026-02-28
1772323200000,0.00192,0.001994,0.001827,0.001921,39589143000.0,2026-03-01
1772409600000,0.001921,0.002114,0.001874,0.001974,42400640000.0,2026-03-02
1772496000000,0.001973,0.002009,0.001852,0.001918,38230810000.0,2026-03-03
1772582400000,0.001918,0.00214,0.001862,0.00205,43579917000.0,2026-03-04
1772668800000,0.002049,0.002122,0.001983,0.002023,27904944000.0,2026-03-05
1772755200000,0.002023,0.002092,0.00184,0.001855,28952623000.0,2026-03-06
1772841600000,0.001855,0.001947,0.001848,0.001882,15037797000.0,2026-03-07
1772928000000,0.001882,0.002005,0.001852,0.001916,26311626000.0,2026-03-08
1773014400000,0.001915,0.002028,0.001901,0.001952,26572400000.0,2026-03-09
1773100800000,0.001951,0.002116,0.001944,0.002007,32394043000.0,2026-03-10
1773187200000,0.002006,0.002086,0.001959,0.002019,27735752000.0,2026-03-11
1773273600000,0.002018,0.002127,0.001972,0.002097,20406308000.0,2026-03-12
1773360000000,0.002096,0.002189,0.001963,0.001977,32807720000.0,2026-03-13
1773446400000,0.001976,0.002012,0.001953,0.001988,13991080000.0,2026-03-14
1773532800000,0.001988,0.002022,0.001921,0.001944,19606225000.0,2026-03-15
1773619200000,0.001944,0.002171,0.00194,0.002154,34694026000.0,2026-03-16
1773705600000,0.002154,0.002166,0.002038,0.002088,19242440000.0,2026-03-17
1773792000000,0.002089,0.002153,0.001913,0.001969,25352295000.0,2026-03-18
1773878400000,0.00197,0.001984,0.001806,0.001841,22245543000.0,2026-03-19
1773964800000,0.001842,0.001922,0.001835,0.001866,16497218000.0,2026-03-20
1774051200000,0.001867,0.001888,0.001804,0.001822,10282949000.0,2026-03-21
1774137600000,0.001822,0.001857,0.001723,0.001764,15151451000.0,2026-03-22
1774224000000,0.001764,0.001875,0.001721,0.001811,34241292000.0,2026-03-23
1774310400000,0.001811,0.001836,0.001753,0.001826,15780087000.0,2026-03-24
1774396800000,0.001826,0.001924,0.00182,0.001902,20367441000.0,2026-03-25
1774483200000,0.001903,0.001918,0.001746,0.001784,21806690000.0,2026-03-26
1774569600000,0.001784,0.001793,0.001691,0.00171,16402992000.0,2026-03-27
1774656000000,0.00171,0.001769,0.001682,0.001707,10743356000.0,2026-03-28
1774742400000,0.001706,0.001728,0.00161,0.001667,14846635000.0,2026-03-29
1774828800000,0.001667,0.001735,0.001637,0.001656,19694029000.0,2026-03-30
1774915200000,0.001656,0.001703,0.001599,0.001675,21512646000.0,2026-03-31
1775001600000,0.001676,0.001744,0.001639,0.001684,21234035000.0,2026-04-01
1775088000000,0.001684,0.001701,0.001564,0.00163,24253487000.0,2026-04-02
1775174400000,0.001631,0.00169,0.001623,0.001649,11516349000.0,2026-04-03
1775260800000,0.00165,0.001683,0.001634,0.001671,7233529000.0,2026-04-04
1775347200000,0.00167,0.001698,0.001623,0.001693,9256261000.0,2026-04-05
1775433600000,0.001693,0.001768,0.001668,0.001676,15426915000.0,2026-04-06
1775520000000,0.001677,0.001882,0.001666,0.001864,24533183000.0,2026-04-07
1775606400000,0.001864,0.001871,0.001747,0.001754,19488258000.0,2026-04-08
1775692800000,0.001754,0.00186,0.001728,0.0018,13858954000.0,2026-04-09
1775779200000,0.001799,0.001893,0.001791,0.001857,16358665000.0,2026-04-10
1775865600000,0.001856,0.001969,0.001805,0.001907,13238836000.0,2026-04-11
1775952000000,0.001908,0.001908,0.001752,0.001783,14756670000.0,2026-04-12
1776038400000,0.001783,0.001923,0.001773,0.001921,16241977000.0,2026-04-13
1776124800000,0.001922,0.001979,0.001809,0.001824,21283374000.0,2026-04-14
1776211200000,0.001824,0.001964,0.001811,0.001909,14849770000.0,2026-04-15
1776297600000,0.00191,0.002047,0.001883,0.002007,21303231000.0,2026-04-16
1776384000000,0.002008,0.002074,0.00194,0.001996,19595323000.0,2026-04-17
1776470400000,0.001995,0.002033,0.001863,0.001875,15797492000.0,2026-04-18
1776556800000,0.001874,0.001882,0.001764,0.001771,11637688000.0,2026-04-19
1776643200000,0.001772,0.001852,0.001769,0.001819,10805437000.0,2026-04-20
1776729600000,0.001819,0.001869,0.001788,0.001843,12404138000.0,2026-04-21
1776816000000,0.001843,0.001954,0.001831,0.001837,17091955000.0,2026-04-22
1776902400000,0.001838,0.001844,0.001759,0.001794,12861780000.0,2026-04-23
1776988800000,0.001795,0.001809,0.001766,0.001776,8163884000.0,2026-04-24
1777075200000,0.001775,0.001781,0.001723,0.001748,8931839000.0,2026-04-25
1777161600000,0.001748,0.001771,0.001729,0.001758,6913371000.0,2026-04-26
1777248000000,0.001758,0.001856,0.001716,0.001775,20247886000.0,2026-04-27
1777334400000,0.001776,0.00203,0.001738,0.001899,40809498000.0,2026-04-28
1777420800000,0.0019,0.001946,0.001675,0.001743,44491703000.0,2026-04-29
1777507200000,0.001742,0.001807,0.001734,0.001775,15748486000.0,2026-04-30
1777593600000,0.001776,0.001856,0.001772,0.001814,13615667000.0,2026-05-01
1777680000000,0.001814,0.001843,0.001801,0.001816,6101649000.0,2026-05-02
1777766400000,0.001816,0.001828,0.001777,0.001799,7362357000.0,2026-05-03
1777852800000,0.001798,0.001881,0.001781,0.001823,17854112000.0,2026-05-04
1777939200000,0.001823,0.001878,0.001813,0.001853,13094423000.0,2026-05-05
1778025600000,0.001853,0.002018,0.001847,0.001948,24198251000.0,2026-05-06
1778112000000,0.001948,0.00207,0.001892,0.002011,34288993000.0,2026-05-07
1778198400000,0.002012,0.002192,0.001975,0.002157,19665680000.0,2026-05-08
1778284800000,0.002157,0.00225,0.002109,0.002139,11493076000.0,2026-05-09
1778371200000,0.00214,0.00225,0.002122,0.002191,14849896000.0,2026-05-10
1778457600000,0.00219,0.0022,0.002046,0.002097,13138975000.0,2026-05-11
1778544000000,0.002096,0.002105,0.001927,0.001966,12282472000.0,2026-05-12
1778630400000,0.001966,0.002026,0.001848,0.001863,13778706000.0,2026-05-13
1778716800000,0.001863,0.00195,0.001827,0.001885,12481300000.0,2026-05-14
1778803200000,0.001886,0.001909,0.00177,0.001793,11021699000.0,2026-05-15
1778889600000,0.001794,0.001804,0.001707,0.001737,8664394000.0,2026-05-16
1778976000000,0.001737,0.001772,0.001646,0.001706,11164068000.0,2026-05-17
1779062400000,0.001706,0.001725,0.001656,0.001711,11883456000.0,2026-05-18
1779148800000,0.001712,0.001732,0.001662,0.001675,7647192000.0,2026-05-19
1779235200000,0.001676,0.001814,0.001662,0.001742,13136566000.0,2026-05-20
1779321600000,0.001743,0.001836,0.001728,0.001814,14249570000.0,2026-05-21
1779408000000,0.001814,0.00186,0.001692,0.001704,15531979000.0,2026-05-22
1779494400000,0.001704,0.001846,0.001605,0.001777,16359238000.0,2026-05-23
1779580800000,0.001777,0.001785,0.001692,0.001735,10096294000.0,2026-05-24
1779667200000,0.001736,0.001863,0.001724,0.001787,13325111000.0,2026-05-25
1779753600000,0.001788,0.001865,0.001732,0.001797,23696367000.0,2026-05-26
1779840000000,0.001798,0.00186,0.00175,0.001791,15907970000.0,2026-05-27
1779926400000,0.00179,0.001806,0.001613,0.001703,24289106000.0,2026-05-28
1780012800000,0.001703,0.001805,0.001644,0.001724,20052173000.0,2026-05-29
1780099200000,0.001725,0.001801,0.001707,0.001781,10382074000.0,2026-05-30
1780185600000,0.001781,0.00182,0.001734,0.001798,10317264000.0,2026-05-31
1780272000000,0.001798,0.001878,0.001699,0.001832,29665326000.0,2026-06-01
1780358400000,0.001832,0.001856,0.001598,0.001635,29826069000.0,2026-06-02
1780444800000,0.001636,0.001826,0.001626,0.001762,29915926000.0,2026-06-03
1780531200000,0.001763,0.001799,0.001588,0.00165,43442524000.0,2026-06-04
1780617600000,0.00165,0.001671,0.001332,0.001418,57599127000.0,2026-06-05
1780704000000,0.001419,0.001443,0.001305,0.001425,27031544000.0,2026-06-06
1780790400000,0.001425,0.001569,0.001418,0.001526,27712620000.0,2026-06-07
1780876800000,0.001525,0.001667,0.001501,0.001624,19833107000.0,2026-06-08
1780963200000,0.001625,0.001628,0.001484,0.001517,21706211000.0,2026-06-09
1781049600000,0.001518,0.001528,0.001349,0.00137,20285798000.0,2026-06-10
1781136000000,0.00137,0.001487,0.001367,0.001453,19930397000.0,2026-06-11
1781222400000,0.001454,0.00156,0.001434,0.001509,21837595000.0,2026-06-12
1781308800000,0.00151,0.001568,0.001502,0.001537,10886562000.0,2026-06-13
1781395200000,0.001537,0.001603,0.001496,0.001575,17419888000.0,2026-06-14
1781481600000,0.001574,0.001645,0.001535,0.001555,15864034000.0,2026-06-15
1781568000000,0.001556,0.001614,0.001497,0.001509,15110433000.0,2026-06-16
1781654400000,0.001509,0.001555,0.001432,0.001474,21197805000.0,2026-06-17
1781740800000,0.001475,0.001519,0.001396,0.001454,16459778000.0,2026-06-18
1781827200000,0.001454,0.001457,0.001341,0.001379,13465734000.0,2026-06-19
1781913600000,0.001378,0.001447,0.001336,0.001416,13463048000.0,2026-06-20
1782000000000,0.001417,0.001539,0.001412,0.001464,26393533000.0,2026-06-21
1782086400000,0.001465,0.00155,0.00145,0.001453,16921714000.0,2026-06-22
1782172800000,0.001454,0.001466,0.001359,0.001444,15261976000.0,2026-06-23
1782259200000,0.001445,0.00146,0.001222,0.001286,28913545000.0,2026-06-24
1782345600000,0.001287,0.001316,0.00115,0.001198,33122768000.0,2026-06-25
1782432000000,0.0012,0.00137,0.001152,0.001345,26083049000.0,2026-06-26
1782518400000,0.001345,0.001446,0.001285,0.001351,21803013000.0,2026-06-27
1782604800000,0.001352,0.001522,0.00135,0.001438,39054954000.0,2026-06-28
1782691200000,0.001438,0.001528,0.00138,0.001505,29005168000.0,2026-06-29
1782777600000,0.001504,0.001505,0.001387,0.001413,18240406000.0,2026-06-30
1782864000000,0.001413,0.001525,0.001356,0.001381,19640356000.0,2026-07-01
1782950400000,0.001382,0.001596,0.001371,0.00152,27926852000.0,2026-07-02
1783036800000,0.00152,0.001662,0.001511,0.001628,17985891000.0,2026-07-03
1783123200000,0.001627,0.001649,0.001541,0.001553,14549629000.0,2026-07-04
1783209600000,0.001553,0.001662,0.001503,0.001628,15489439000.0,2026-07-05
1783296000000,0.001628,0.0017,0.001528,0.001629,21447667000.0,2026-07-06
1783382400000,0.001628,0.001686,0.001549,0.001563,16343724000.0,2026-07-07
1783468800000,0.001564,0.001596,0.001461,0.00149,19689081000.0,2026-07-08
1783555200000,0.00149,0.001546,0.001471,0.001477,9930374000.0,2026-07-09
1783641600000,0.001476,0.001537,0.001428,0.001458,13261894000.0,2026-07-10
1783728000000,0.001457,0.001466,0.001385,0.001387,7591541000.0,2026-07-11
1783814400000,0.001387,0.001487,0.001376,0.001458,10252408000.0,2026-07-12
1783900800000,0.001459,0.001533,0.001448,0.001478,27573280000.0,2026-07-13
1783987200000,0.001479,0.001532,0.00136,0.001512,37139070000.0,2026-07-14
1784073600000,0.001513,0.001699,0.001494,0.001689,86191674000.0,2026-07-15
1784160000000,0.001689,0.001783,0.001592,0.001695,42465969000.0,2026-07-16
1784246400000,0.001696,0.001717,0.001602,0.001636,25528336000.0,2026-07-17
1784332800000,0.001637,0.001668,0.001616,0.001662,9956662000.0,2026-07-18
1784419200000,0.001663,0.00202,0.001639,0.001996,45247758000.0,2026-07-19
1784505600000,0.001996,0.002095,0.001906,0.002027,146590175000.0,2026-07-20
1784592000000,0.002027,0.002074,0.001929,0.002003,62603499000.0,2026-07-21
1784678400000,0.002003,0.002089,0.001862,0.001909,45676141000.0,2026-07-22
1784764800000,0.001909,0.001961,0.00182,0.001829,28685250000.0,2026-07-23
1784851200000,0.001829,0.001858,0.001803,0.001831,22754363000.0,2026-07-24
1784937600000,0.001832,0.001845,0.001757,0.00178,13653784000.0,2026-07-25
1785024000000,0.00178,0.002061,0.001768,0.002016,28667597000.0,2026-07-26
1785110400000,0.002016,0.002189,0.001944,0.002116,68012088000.0,2026-07-27
1785196800000,0.002116,0.002121,0.001921,0.001966,37362572000.0,2026-07-28
1785283200000,0.001966,0.001995,0.001806,0.001863,28153703000.0,2026-07-29
1785369600000,0.001864,0.002045,0.001857,0.001982,21218951000.0,2026-07-30
1785456000000,0.001982,0.002167,0.001971,0.00207,28698619000.0,2026-07-31
1785542400000,0.00207,0.002245,0.002041,0.002112,29403931000.0,2026-08-01
1785628800000,0.002112,0.002288,0.002077,0.002083,28825917000.0,2026-08-02
1785715200000,0.002083,0.002256,0.002041,0.002132,25159162000.0,2026-08-03
1785801600000,0.002132,0.002555,0.002101,0.002422,57220471000.0,2026-08-04
1785888000000,0.002421,0.002588,0.002381,0.002406,56385488000.0,2026-08-05
1785974400000,0.002407,0.002439,0.002276,0.002387,37373165000.0,2026-08-06
1786060800000,0.002387,0.002417,0.002239,0.002265,25039584000.0,2026-08-07
1786147200000,0.002264,0.002454,0.002245,0.002407,15160127000.0,2026-08-08
1786233600000,0.002407,0.002746,0.0024,0.002671,47426417000.0,2026-08-09
1786320000000,0.00267,0.002886,0.002667,0.002777,48225838000.0,2026-08-10
1786406400000,0.002776,0.002944,0.00266,0.002724,37929778000.0,2026-08-11
1786492800000,0.002724,0.00281,0.002628,0.002752,25131878000.0,2026-08-12
1786579200000,0.002752,0.00294,0.002718,0.002905,27418673000.0,2026-08-13
1786665600000,0.002905,0.002986,0.002757,0.00284,26007803000.0,2026-08-14
1786752000000,0.002841,0.002875,0.002709,0.002751,23835686000.0,2026-08-15
1786838400000,0.002751,0.002808,0.002651,0.002667,16414446000.0,2026-08-16
1786924800000,0.002667,0.002999,0.002656,0.002743,39886025000.0,2026-08-17
1787011200000,0.002743,0.003129,0.002735,0.003095,32064901000.0,2026-08-18
1787097600000,0.003094,0.003238,0.002932,0.003001,58509883000.0,2026-08-19
1787184000000,0.003001,0.003935,0.002995,0.003834,80906044000.0,2026-08-20
1787270400000,0.003834,0.004261,0.003733,0.004064,61319937000.0,2026-08-21
1787356800000,0.004064,0.005148,0.003558,0.004965,98821362000.0,2026-08-22
1787443200000,0.004964,0.005459,0.00461,0.005226,79370409000.0,2026-08-23
1787529600000,0.005225,0.005261,0.004547,0.004741,46509062000.0,2026-08-24
1787616000000,0.004742,0.004991,0.00435,0.0045,47703055000.0,2026-08-25
1787702400000,0.0045,0.004934,0.004428,0.004885,56176393000.0,2026-08-26
1787788800000,0.004885,0.005036,0.004454,0.004875,42350496000.0,2026-08-27
1787875200000,0.004876,0.004942,0.004412,0.004626,36313178000.0,2026-08-28
1787961600000,0.004626,0.005123,0.004553,0.005057,23789365000.0,2026-08-29
1788048000000,0.005057,0.005109,0.004344,0.004471,32312018000.0,2026-08-30
1788134400000,0.004471,0.004529,0.004166,0.00445,37219392000.0,2026-08-31
1788220800000,0.004449,0.004695,0.004218,0.004375,30007634000.0,2026-09-01
1788307200000,0.004375,0.004394,0.004006,0.004088,27478185000.0,2026-09-02
1788393600000,0.004089,0.004547,0.004023,0.004318,32796689000.0,2026-09-03
1788480000000,0.004319,0.004326,0.004063,0.004293,8415203000.0,2026-09-04
